INSERT INTO smil_aarhus.tr_language VALUES ('EN', 'English', 'english'), ('DA', 'Dansk', 'danish');

INSERT INTO smil_aarhus_private.user_role VALUES ('smil_admin', 'administrator'), ('smil_organizer', 'event organizer');


INSERT INTO smil_aarhus.image (id,"path",width,height, credit) VALUES
	 (1,'media/b5693919-37ef-4480-848f-49b099ad4994.jpeg',5966,3356, '<span>Photography by </span><a href="https://fetlife.com/users/4607313" noopener target="_blank">MagicLight</a>'),
	 (2,'media/36a86154-45f7-4066-8f58-0105916e2f2a.jpeg',4160,6240, '<span>Photography by </span><a href="https://fetlife.com/users/4607313" noopener target="_blank">MagicLight</a>'),
	 (3,'media/a9e1f80b-9f69-4c8d-8d43-24d5978c9f42.jpeg',5184,3456, '<span>Photography by </span><a href="https://fetlife.com/users/4607313" noopener target="_blank">MagicLight</a>'),
	 (4,'media/576aac3e-fdcc-4ac7-ae39-6fdbc908f5f2.jpeg',5616,3744, '<span>Photography by </span><a href="https://fetlife.com/users/4607313" noopener target="_blank">MagicLight</a>'),
	 (5,'media/5ac9c28d-ee1b-4e0d-9b50-8b43690faff7.jpeg',1400,1050, '<span>Photography by </span><a href="https://fetlife.com/users/4607313" noopener target="_blank">MagicLight</a>'),
	 (6,'media/85e49295-46a6-4e3c-80df-e480a3303aa8.jpeg',474,411, '<span>Photography by </span><a href="https://fetlife.com/users/4607313" noopener target="_blank">MagicLight</a>'),
	 (7,'media/db177caa-35c7-4ba6-89c5-be671f17c116.jpeg',954,1431, '<span>Photography by </span><a href="https://fetlife.com/users/4607313" noopener target="_blank">MagicLight</a>'),
	 (8,'media/dcbe703e-3bb4-4abc-935e-5f72d64fe1bf.jpeg',1431,954, '<span>Photography by </span><a href="https://fetlife.com/users/4607313" noopener target="_blank">MagicLight</a>');

INSERT INTO smil_aarhus.image (id, "path", width, height, credit) VALUES(9, 'media/3f0bf4d5-9944-4d8f-85ee-ca7cc1ec9200.jpeg', 1431, 954, '');
INSERT INTO smil_aarhus.image (id, "path", width, height, credit) VALUES(10, 'media/ff2a4b73-ed7e-48d5-b9c0-b8a605c02db6.jpeg', 954, 1431, '');
INSERT INTO smil_aarhus.image (id, "path", width, height, credit) VALUES(11, 'media/6296e222-f987-41df-94ca-da4ed9e0f31d.jpeg', 1431, 954, '');
INSERT INTO smil_aarhus.image (id, "path", width, height, credit) VALUES(12, 'media/baaf02a4-2f73-4191-b38e-0b9adeb4c79e.jpeg', 954, 1431, '');
INSERT INTO smil_aarhus.image (id, "path", width, height, credit) VALUES(13, 'media/49a0d4d8-4de2-4b94-9b90-f4bbbbd8645f.jpeg', 954, 1431, '');
INSERT INTO smil_aarhus.image (id, "path", width, height, credit) VALUES(14, 'media/5dbe0e32-d04f-4950-a3ad-85ac55487eb8.jpeg', 1431, 954, '');
INSERT INTO smil_aarhus.image (id, "path", width, height, credit) VALUES(15, 'media/3a1aead6-f5b9-44ae-adfb-61c5312bdb94.jpeg', 954, 1431, '');
INSERT INTO smil_aarhus.image (id, "path", width, height, credit) VALUES(16, 'media/17683b26-0722-4ff6-adb0-716977fe49cf.jpeg', 954, 1431, '');
INSERT INTO smil_aarhus.image (id, "path", width, height, credit) VALUES(17, 'media/be227991-cf22-4dc3-b61e-f1841e2039f1.jpeg', 1431, 954, '');
INSERT INTO smil_aarhus.image (id, "path", width, height, credit) VALUES(18, 'media/369fe777-04e3-4edb-bf3b-1e5da4408387.jpeg', 954, 1431, '');
INSERT INTO smil_aarhus.image (id, "path", width, height, credit) VALUES(19, 'media/b226180b-9900-4541-a0b8-d12f49c37cc9.jpeg', 1431, 954, '');
INSERT INTO smil_aarhus.image (id, "path", width, height, credit) VALUES(20, 'media/7e2e9089-d207-4387-acac-dc45ed51fd60.jpeg', 954, 1431, '');
INSERT INTO smil_aarhus.image (id, "path", width, height, credit) VALUES(21, 'media/0f26569a-e4e4-4218-904d-8825af330afc.jpeg', 1431, 954, '');
INSERT INTO smil_aarhus.image (id, "path", width, height, credit) VALUES(22, 'media/3e023105-f192-45c6-a6e7-cb91281e1310.jpeg', 1431, 954, '');
INSERT INTO smil_aarhus.image (id, "path", width, height, credit) VALUES(23, 'media/600bd574-4a29-4a07-b072-ae42362ab26d.jpeg', 954, 1431, '');
INSERT INTO smil_aarhus.image (id, "path", width, height, credit) VALUES(24, 'media/5c100b1d-1c3c-44e0-ad51-0ad5ef6df3ba.jpeg', 954, 1431, '');
INSERT INTO smil_aarhus.image (id, "path", width, height, credit) VALUES(25, 'media/f2362f59-e57f-4bdb-be2c-18f433e0d51c.jpeg', 954, 1431, '');
INSERT INTO smil_aarhus.image (id, "path", width, height, credit) VALUES(26, 'media/3248019e-63f8-4ebe-abf4-0238ad8b2618.jpeg', 1431, 954, '');
INSERT INTO smil_aarhus.image (id, "path", width, height, credit) VALUES(27, 'media/8a3285e9-7ea9-4a6d-b4b6-7e015b9957f0.jpeg', 954, 1431, '');
INSERT INTO smil_aarhus.image (id, "path", width, height, credit) VALUES(28, 'media/9e6aff04-0537-4126-8243-064a99e73aff.jpeg', 1431, 954, '');
INSERT INTO smil_aarhus.image (id, "path", width, height, credit) VALUES(29, 'media/029f1b93-b426-41da-96db-7d3195339698.jpeg', 1431, 954, '');
INSERT INTO smil_aarhus.image (id, "path", width, height, credit) VALUES(30, 'media/6fdc1f05-7956-4ac1-9ff7-69af6c6ed7b0.jpeg', 1431, 954, '');
INSERT INTO smil_aarhus.image (id, "path", width, height, credit) VALUES(31, 'media/595cf7c4-c6ba-47dd-98a4-651b06c7407c.jpeg', 1431, 954, '');
INSERT INTO smil_aarhus.image (id, "path", width, height, credit) VALUES(32, 'media/e5026741-0aec-4392-b8bb-8fd53fe73487.jpeg', 954, 1431, '');
INSERT INTO smil_aarhus.image (id, "path", width, height, credit) VALUES(33, 'media/84fd89ca-10a9-414d-a161-dabfd242a5a3.jpeg', 954, 1431, '');
INSERT INTO smil_aarhus.image (id, "path", width, height, credit) VALUES(34, 'media/52286c78-36e8-46d0-a2f3-6cccea7d758e.jpeg', 954, 1431, '');
INSERT INTO smil_aarhus.image (id, "path", width, height, credit) VALUES(35, 'media/999f6a45-fb89-4e01-a356-7f98fbb0e23c.jpeg', 954, 1431, '');
INSERT INTO smil_aarhus.image (id, "path", width, height, credit) VALUES(36, 'media/a8e879b5-629d-4292-8f6d-f712e6698a2d.jpeg', 954, 1431, '');
INSERT INTO smil_aarhus.image (id, "path", width, height, credit) VALUES(37, 'media/05986c03-54ba-47e0-873b-e869a1309eb3.jpeg', 1431, 954, '');
INSERT INTO smil_aarhus.image (id, "path", width, height, credit) VALUES(38, 'media/66046925-85f5-474d-8f51-8edf414623f6.jpeg', 1431, 954, '');
INSERT INTO smil_aarhus.image (id, "path", width, height, credit) VALUES(39, 'media/91d2f2d4-2f2d-4c50-9739-6a8fff7e6cc4.jpeg', 1431, 954, '');
INSERT INTO smil_aarhus.image (id, "path", width, height, credit) VALUES(40, 'media/53e090c3-e15d-4b48-bc75-e9a3f96ca77f.jpeg', 954, 1431, '');
INSERT INTO smil_aarhus.image (id, "path", width, height, credit) VALUES(41, 'media/3e7dc242-b636-4b08-b551-96175c8802c5.jpeg', 954, 1431, '');
INSERT INTO smil_aarhus.image (id, "path", width, height, credit) VALUES(42, 'media/81d763fa-5556-458c-8de7-b457731e04e3.jpeg', 1431, 954, '');
INSERT INTO smil_aarhus.image (id, "path", width, height, credit) VALUES(43, 'media/6ea22904-2379-40df-9e97-c55e6b806da7.jpeg', 1431, 954, '');
INSERT INTO smil_aarhus.image (id, "path", width, height, credit) VALUES(44, 'media/207395f6-5151-4bfb-8351-82d733526a61.jpeg', 1431, 954, '');
INSERT INTO smil_aarhus.image (id, "path", width, height, credit) VALUES(45, 'media/9bb2defd-90b9-42ea-87c6-1a339f0a952a.jpeg', 954, 1431, '');
INSERT INTO smil_aarhus.image (id, "path", width, height, credit) VALUES(46, 'media/b3bd294a-9a44-428c-ae4c-719bf1add46e.jpeg', 954, 1431, '');
INSERT INTO smil_aarhus.image (id, "path", width, height, credit) VALUES(47, 'media/4fa8d4e1-dc05-4173-8e91-e18e56128d48.jpeg', 954, 1431, '');
INSERT INTO smil_aarhus.image (id, "path", width, height, credit) VALUES(48, 'media/185455df-a27f-4f1a-8c5e-d5a4daa249c4.jpeg', 954, 1431, '');
INSERT INTO smil_aarhus.image (id, "path", width, height, credit) VALUES(49, 'media/312f2982-8978-4ec7-b396-62083707e8dc.jpeg', 1431, 954, '');
INSERT INTO smil_aarhus.image (id, "path", width, height, credit) VALUES(50, 'media/5cf8fa73-e734-4c26-b364-5fed0f51dbca.jpeg', 954, 1431, '');
INSERT INTO smil_aarhus.image (id, "path", width, height, credit) VALUES(51, 'media/0ca0cdb3-571f-4aa6-ac8c-5134bb0ac0ca.jpeg', 954, 1431, '');
INSERT INTO smil_aarhus.image (id, "path", width, height, credit) VALUES(52, 'media/6428b258-85d8-46d3-9032-1cb4c5d72fd9.jpeg', 954, 1431, '');
INSERT INTO smil_aarhus.image (id, "path", width, height, credit) VALUES(53, 'media/3365f9b9-6470-4301-b152-c2ebc391abcc.jpeg', 1431, 954, '');
INSERT INTO smil_aarhus.image (id, "path", width, height, credit) VALUES(54, 'media/c8fe0599-9a70-4784-a544-54b50268aa73.jpeg', 1431, 954, '');
INSERT INTO smil_aarhus.image (id, "path", width, height, credit) VALUES(55, 'media/cd6139ed-2bbc-4c78-ada2-0d81be3e37de.jpeg', 5966, 3356, '');
INSERT INTO smil_aarhus.image (id, "path", width, height, credit) VALUES(56, 'media/2c7d9d7a-56e9-4f6d-bf89-6493b4957ad4.jpeg', 4160, 6240, '');
INSERT INTO smil_aarhus.image (id, "path", width, height, credit) VALUES(57, 'media/c708fbe4-1c23-4dfe-b3da-25ed96a94bb5.jpeg', 5184, 3456, '');
INSERT INTO smil_aarhus.image (id, "path", width, height, credit) VALUES(58, 'media/7ac25440-4c81-4382-b16c-2281b7d99e7b.jpeg', 5616, 3744, '');
INSERT INTO smil_aarhus.image (id, "path", width, height, credit) VALUES(59, 'media/060813d4-bd89-466f-8016-900de4d7e924.jpeg', 1400, 1050, '');
INSERT INTO smil_aarhus.image (id, "path", width, height, credit) VALUES(60, 'media/962d88e4-abe8-4a8d-95ca-ffa1330b3ef3.jpeg', 474, 441, '');


INSERT INTO smil_aarhus.picture (id, image, "rank", allow_on_home) VALUES(1, 9, 1, false);
INSERT INTO smil_aarhus.picture (id, image, "rank", allow_on_home) VALUES(2, 10, 2, false);
INSERT INTO smil_aarhus.picture (id, image, "rank", allow_on_home) VALUES(5, 16, 4, false);
INSERT INTO smil_aarhus.picture (id, image, "rank", allow_on_home) VALUES(4, 13, 5, false);
INSERT INTO smil_aarhus.picture (id, image, "rank", allow_on_home) VALUES(6, 12, 6, false);
INSERT INTO smil_aarhus.picture (id, image, "rank", allow_on_home) VALUES(7, 14, 7, false);
INSERT INTO smil_aarhus.picture (id, image, "rank", allow_on_home) VALUES(8, 15, 8, false);
INSERT INTO smil_aarhus.picture (id, image, "rank", allow_on_home) VALUES(10, 20, 10, false);
INSERT INTO smil_aarhus.picture (id, image, "rank", allow_on_home) VALUES(11, 18, 11, false);
INSERT INTO smil_aarhus.picture (id, image, "rank", allow_on_home) VALUES(12, 19, 12, false);
INSERT INTO smil_aarhus.picture (id, image, "rank", allow_on_home) VALUES(13, 21, 13, false);
INSERT INTO smil_aarhus.picture (id, image, "rank", allow_on_home) VALUES(14, 22, 14, false);
INSERT INTO smil_aarhus.picture (id, image, "rank", allow_on_home) VALUES(15, 24, 15, false);
INSERT INTO smil_aarhus.picture (id, image, "rank", allow_on_home) VALUES(16, 23, 16, false);
INSERT INTO smil_aarhus.picture (id, image, "rank", allow_on_home) VALUES(18, 26, 18, false);
INSERT INTO smil_aarhus.picture (id, image, "rank", allow_on_home) VALUES(19, 33, 19, false);
INSERT INTO smil_aarhus.picture (id, image, "rank", allow_on_home) VALUES(20, 32, 20, false);
INSERT INTO smil_aarhus.picture (id, image, "rank", allow_on_home) VALUES(22, 28, 22, false);
INSERT INTO smil_aarhus.picture (id, image, "rank", allow_on_home) VALUES(23, 27, 23, false);
INSERT INTO smil_aarhus.picture (id, image, "rank", allow_on_home) VALUES(24, 31, 24, false);
INSERT INTO smil_aarhus.picture (id, image, "rank", allow_on_home) VALUES(26, 34, 26, false);
INSERT INTO smil_aarhus.picture (id, image, "rank", allow_on_home) VALUES(27, 35, 27, false);
INSERT INTO smil_aarhus.picture (id, image, "rank", allow_on_home) VALUES(28, 36, 28, false);
INSERT INTO smil_aarhus.picture (id, image, "rank", allow_on_home) VALUES(30, 38, 30, false);
INSERT INTO smil_aarhus.picture (id, image, "rank", allow_on_home) VALUES(31, 39, 31, false);
INSERT INTO smil_aarhus.picture (id, image, "rank", allow_on_home) VALUES(33, 41, 33, false);
INSERT INTO smil_aarhus.picture (id, image, "rank", allow_on_home) VALUES(34, 40, 34, false);
INSERT INTO smil_aarhus.picture (id, image, "rank", allow_on_home) VALUES(36, 46, 36, false);
INSERT INTO smil_aarhus.picture (id, image, "rank", allow_on_home) VALUES(37, 47, 37, false);
INSERT INTO smil_aarhus.picture (id, image, "rank", allow_on_home) VALUES(38, 45, 38, false);
INSERT INTO smil_aarhus.picture (id, image, "rank", allow_on_home) VALUES(39, 44, 39, false);
INSERT INTO smil_aarhus.picture (id, image, "rank", allow_on_home) VALUES(40, 49, 40, false);
INSERT INTO smil_aarhus.picture (id, image, "rank", allow_on_home) VALUES(41, 48, 41, false);
INSERT INTO smil_aarhus.picture (id, image, "rank", allow_on_home) VALUES(42, 50, 42, false);
INSERT INTO smil_aarhus.picture (id, image, "rank", allow_on_home) VALUES(44, 53, 44, false);
INSERT INTO smil_aarhus.picture (id, image, "rank", allow_on_home) VALUES(45, 51, 45, false);
INSERT INTO smil_aarhus.picture (id, image, "rank", allow_on_home) VALUES(46, 54, 46, false);
INSERT INTO smil_aarhus.picture (id, image, "rank", allow_on_home) VALUES(3, 11, 3, true);
INSERT INTO smil_aarhus.picture (id, image, "rank", allow_on_home) VALUES(9, 17, 9, true);
INSERT INTO smil_aarhus.picture (id, image, "rank", allow_on_home) VALUES(17, 25, 17, false);
INSERT INTO smil_aarhus.picture (id, image, "rank", allow_on_home) VALUES(21, 29, 21, true);
INSERT INTO smil_aarhus.picture (id, image, "rank", allow_on_home) VALUES(25, 30, 25, true);
INSERT INTO smil_aarhus.picture (id, image, "rank", allow_on_home) VALUES(29, 37, 29, true);
INSERT INTO smil_aarhus.picture (id, image, "rank", allow_on_home) VALUES(32, 42, 32, true);
INSERT INTO smil_aarhus.picture (id, image, "rank", allow_on_home) VALUES(43, 52, 43, true);
INSERT INTO smil_aarhus.picture (id, image, "rank", allow_on_home) VALUES(35, 43, 35, true);

INSERT INTO smil_aarhus."group"
(id, is_open, image)
VALUES(1, TRUE, 55);
INSERT INTO smil_aarhus."group"
(id, is_open, image)
VALUES(2, TRUE, 56);
INSERT INTO smil_aarhus."group"
(id, is_open, image)
VALUES(3, true, 57);
INSERT INTO smil_aarhus."group"
(id, is_open, image)
VALUES(4, false, 58);
INSERT INTO smil_aarhus."group"
(id, is_open, image)
VALUES(5, false, 59);
INSERT INTO smil_aarhus."group"
(id, is_open, image)
VALUES(6, false, 60);

INSERT INTO smil_aarhus.group_tr
(group_id, language_code, title, short_description, description, activity)
VALUES(1, 'EN', 'Peer Rope', 'At Peer Rope we meet for the ropes. We do not bind a particular style, but meet around the joy of rope.', '', 'about twice a month');
INSERT INTO smil_aarhus.group_tr
(group_id, language_code, title, short_description, description, activity)
VALUES(1, 'DA', 'Peer Rope', 'Til Peer Rope mødes vi om rebene. Vi binder ikke en bestemt stilart, men mødes omkring glæden ved reb.', '', 'ca. to gange om måneden');
INSERT INTO smil_aarhus.group_tr
(group_id, language_code, title, short_description, description, activity)
VALUES(2, 'EN', 'Peer Whip', 'Peer Whip is for those with a passion for floggers, whips, canes, etc. We meet in order to learn, practice, and give each other feedback.', '',  'about twice a month');
INSERT INTO smil_aarhus.group_tr
(group_id, language_code, title, short_description, description, activity)
VALUES(2, 'DA', 'Peer Whip', 'Idéen med Peer Whip er, at de som har passion for slagredskaber mødes for at lære, øve og give feedback.', '', 'ca. to gange om måneden');
INSERT INTO smil_aarhus.group_tr
(group_id, language_code, title, short_description, description, activity)
VALUES(3, 'EN', 'Kink Academy', '...', '',  'about once a month');
INSERT INTO smil_aarhus.group_tr
(group_id, language_code, title, short_description, description, activity)
VALUES(3, 'DA', 'Kink Academy', '...', '', 'ca. en gang om måneden');
INSERT INTO smil_aarhus.group_tr
(group_id, language_code, title, short_description, description, activity)
VALUES(4, 'EN', 'Queer Community', '...', '',  'about once a month');
INSERT INTO smil_aarhus.group_tr
(group_id, language_code, title, short_description, description, activity)
VALUES(4, 'DA', 'Queer Community', '...', '', 'ca. en gang om måneden');
INSERT INTO smil_aarhus.group_tr
(group_id, language_code, title, short_description, description, activity)
VALUES(5, 'EN', 'Kink Youth', '...', '',  'more than once a month');
INSERT INTO smil_aarhus.group_tr
(group_id, language_code, title, short_description, description, activity)
VALUES(5, 'DA', 'Kink Youth', '...', '', 'mere end en gang om måneden');
INSERT INTO smil_aarhus.group_tr
(group_id, language_code, title, short_description, description, activity)
VALUES(6, 'EN', 'Shaaaaark', 'Ikea', '',  'never');
INSERT INTO smil_aarhus.group_tr
(group_id, language_code, title, short_description, description, activity)
VALUES(6, 'DA', 'Haaaaaaaj', 'Ikea', '', 'aldrig');

INSERT INTO smil_aarhus.event_tag
VALUES (1);

INSERT INTO smil_aarhus.event_tag_tr
VALUES (1, 'EN', 'Members Night');

INSERT INTO smil_aarhus.event_tag_tr
VALUES (1, 'DA', 'Medlemsaften');

INSERT INTO smil_aarhus.event_tag
VALUES (2);

INSERT INTO smil_aarhus.event_tag_tr
VALUES (2, 'EN', 'Parties');

INSERT INTO smil_aarhus.event_tag_tr
VALUES (2, 'DA', 'Fester');

INSERT INTO smil_aarhus.event
VALUES (1,  date_trunc('day', now()) + (INTERVAL '1' day) + (INTERVAL '19' hour), date_trunc('day', now()) + (INTERVAL '2' day) + (INTERVAL '2' hour), FALSE);

INSERT INTO smil_aarhus.event_tr
VALUES (1, 'EN', 'Members Night', 'Ordinary members night.', NULL);

INSERT INTO smil_aarhus.event_tr
VALUES (1, 'DA', 'Medlemsaften', 'Normal medlemsaften.', NULL);

INSERT INTO smil_aarhus.event_via_event_tag
VALUES(1, 1);

INSERT INTO smil_aarhus.event
VALUES (2, date_trunc('day', now()) + (INTERVAL '30' day) + (INTERVAL '19' hour), date_trunc('day', now()) + (INTERVAL '31' day) + (INTERVAL '2' hour), FALSE);

INSERT INTO smil_aarhus.event_tr
VALUES (2, 'EN', 'Members Night', 'Ordinary members night.', NULL);

INSERT INTO smil_aarhus.event_tr
VALUES (2, 'DA', 'Medlemsaften', 'Normal medlemsaften.', NULL);

INSERT INTO smil_aarhus.event_via_event_tag
VALUES(2, 1);

INSERT INTO smil_aarhus.event
VALUES (3, date_trunc('day', now()) + (INTERVAL '30' day) + (INTERVAL '19' hour), date_trunc('day', now()) + (INTERVAL '31' day) + (INTERVAL '2' hour), FALSE);

INSERT INTO smil_aarhus.event_tr
VALUES (3, 'EN', 'Members Night', 'Ordinary members night.', NULL);

INSERT INTO smil_aarhus.event_tr
VALUES (3, 'DA', 'Medlemsaften', 'Normal medlemsaften.', NULL);

INSERT INTO smil_aarhus.event_via_event_tag
VALUES(3, 1);

INSERT INTO smil_aarhus.event
VALUES (4, date_trunc('day', now()) + (INTERVAL '10' day) + (INTERVAL '19' hour), date_trunc('day', now()) + (INTERVAL '11' day) + (INTERVAL '2' hour), FALSE);

INSERT INTO smil_aarhus.event_tr
VALUES (
    4,
    'EN',
    'Members Night - with new to SMIL',
    'Ordinary members night. But also new to SMIL.'
);

INSERT INTO smil_aarhus.event_tr
VALUES (
    4,
    'DA',
    'Medlemsaften - med ny i SMIL',
    'Normal medlemsaften. Men også med ny i SMIL.'
);

INSERT INTO smil_aarhus.event_via_event_tag
VALUES(4, 1);

INSERT INTO smil_aarhus.event
VALUES (5, date_trunc('day', now()) + (INTERVAL '34' day) + (INTERVAL '20' hour), date_trunc('day', now()) + (INTERVAL '35' day) + (INTERVAL '3' hour), TRUE);

INSERT INTO smil_aarhus.event_tr
VALUES (5, 'EN', 'Christmas Partyyyy', 'Test party.', NULL);

INSERT INTO smil_aarhus.event_tr
VALUES (5, 'DA', 'Julefeeeeest', 'Test fest.', NULL);

INSERT INTO smil_aarhus.event_via_event_tag
VALUES(5, 2);

INSERT INTO smil_aarhus.event_via_group
VALUES(5, 6);

INSERT INTO smil_aarhus.event
VALUES (6, date_trunc('day', now()) + (INTERVAL '23' day) + (INTERVAL '20' hour), date_trunc('day', now()) + (INTERVAL '24' day) + (INTERVAL '3' hour), FALSE);

INSERT INTO smil_aarhus.event_tr
VALUES (6, 'EN', 'Kink Youth Halloween Party', 'Test party.', NULL);

INSERT INTO smil_aarhus.event_tr
VALUES (6, 'DA', 'Kink Youth Halloween Party', 'Test fest.', NULL);

INSERT INTO smil_aarhus.event_via_event_tag
VALUES(6, 2);

INSERT INTO smil_aarhus.event_via_group
VALUES(6, 5);


INSERT INTO smil_aarhus.event
VALUES (7,  date_trunc('day', now()) + (INTERVAL '1' day) + (INTERVAL '19' hour), date_trunc('day', now()) + (INTERVAL '2' day) + (INTERVAL '2' hour), FALSE, NULL, 'medlemsaften');

INSERT INTO smil_aarhus.event_tr
VALUES (7, 'EN', 'Members Night', 'Ordinary members night.', NULL);

INSERT INTO smil_aarhus.event_tr
VALUES (7, 'DA', 'Medlemsaften', 'Normal medlemsaften.', NULL);

INSERT INTO smil_aarhus.member
VALUES ('132277f6-f147-4c02-b31e-ae5f1fcbc2b6', 'test admin', 'adm', 'smil_admin', TRUE);

INSERT INTO smil_aarhus_private.member_account
VALUES ('132277f6-f147-4c02-b31e-ae5f1fcbc2b6', crypt('123', gen_salt('bf')));

INSERT INTO smil_aarhus.member
VALUES ('beb663ef-ab60-412b-ba5b-29561448e2ac', 'test organizer', 'org', 'smil_organizer', TRUE);

INSERT INTO smil_aarhus_private.member_account
VALUES ('beb663ef-ab60-412b-ba5b-29561448e2ac', crypt('123', gen_salt('bf')));

INSERT INTO smil_aarhus.page
VALUES ('home');

INSERT INTO smil_aarhus.page_tr
VALUES ('home', 'DA', '<h1>Velkommen til SMIL Aarhus</h1><p>Vi er en forening for personer, der er interesseret i og dyrker BDSM, sadomasochisme, hård sex og en bred vifte af kinks inden for samme område.</p><p>Er du nysgerrig og overvejer at blive medlem, kan du læse mere under "Bliv medlem" og bruge kalenderen til at finde en Informationsaften, hvor du kan få en rundvisning og stille spørgsmål til det medlem, der viser dig rundt. Ønsker du at besøge nogle af vores åbne arrangementer, kan du se i kalenderen efter de events, hvor man kan komme som dagsmedlem.</p><p>Er du allerede medlem er kalenderen god at holde øje med, når du planlægger leg i den udvidede åbningstid, da der godt kan ligge arrangementer i udvidet åbningstid.</p>');

INSERT INTO smil_aarhus.page_tr
VALUES ('home', 'EN', '<h1>Welcome to SMIL Aarhus</h1><p>We are an association for people who are interested in and practice BDSM, sadomasochism, hard sex and a wide range of kinks in the same area.</p><p> If you are curious and considering becoming a member, you can read more under "Become a member" and use the calendar to find an Information Evening where you can get a tour and ask questions to the member who shows you around. If you want to visit some of our open events, you can look in the calendar for the events where you can come as a day member.</p><p>If you are already a member, the calendar is good to keep an eye on when you plan to play in the extended opening hours, as there may well be events during extended opening hours.</p>');


INSERT INTO smil_aarhus.page
VALUES ('faq');

INSERT INTO smil_aarhus.page_tr
VALUES ('faq', 'DA', 'FAQ Side');

INSERT INTO smil_aarhus.page_tr
VALUES ('faq', 'EN', 'FAQ Page');

INSERT INTO smil_aarhus.info_page
VALUES ('faq', 'wpf:faq');

INSERT INTO smil_aarhus.info_page_tr
VALUES ('faq', 'DA', 'FAQ', 'Ofte Stillede Spørgsmål');

INSERT INTO smil_aarhus.info_page_tr
VALUES ('faq', 'EN', 'FAQ', 'Frequently Asked Questions');

INSERT INTO smil_aarhus.page
VALUES ('whatis');

INSERT INTO smil_aarhus.page_tr
VALUES ('whatis', 'DA', 'Hvad er SMil?');

INSERT INTO smil_aarhus.page_tr
VALUES ('whatis', 'EN', 'What is SMil?');

INSERT INTO smil_aarhus.info_page
VALUES ('whatis', 'mdi:information-outline');

INSERT INTO smil_aarhus.info_page_tr
VALUES ('whatis', 'DA', 'Hvad er SMil?', 'Generalt info om smil');

INSERT INTO smil_aarhus.info_page_tr
VALUES ('whatis', 'EN', 'What is SMil?', 'General info about SMil');


INSERT INTO smil_aarhus.news
(id, published_at, updated_at)
VALUES(1, now(), now());
INSERT INTO smil_aarhus.news
(id, published_at, updated_at)
VALUES(2, now() - (INTERVAL '5' day), now() - (INTERVAL '1' day));
INSERT INTO smil_aarhus.news
(id, published_at, updated_at)
VALUES(3, now() - (INTERVAL '10' day), now() - (INTERVAL '10' day));


INSERT INTO smil_aarhus.news_tr
(news_id, language_code, "title", "content")
VALUES(3, 'DA', 'Coronagenåbning', '<p>Lorem ipsum dolor sit amet, consectetur adipiscing elit, sed do eiusmod tempor incididunt ut labore et dolore magna aliqua. Sociis natoque penatibus et magnis dis parturient montes nascetur. Eget mi proin sed libero enim sed. Vitae justo eget magna fermentum iaculis eu. Tortor dignissim convallis aenean et tortor at risus viverra. Ullamcorper velit sed ullamcorper morbi tincidunt ornare massa eget egestas. At tempor commodo ullamcorper a lacus. Nunc scelerisque viverra mauris in aliquam sem fringilla ut morbi. Elementum nibh tellus molestie nunc non blandit massa. Lorem sed risus ultricies tristique. Praesent elementum facilisis leo vel fringilla est ullamcorper eget nulla. Sapien eget mi proin sed libero enim. Eu scelerisque felis imperdiet proin. Morbi tempus iaculis urna id volutpat. Nunc congue nisi vitae suscipit tellus mauris a diam maecenas. Id cursus metus aliquam eleifend mi in nulla.</p><p>Ut morbi tincidunt augue interdum velit euismod in pellentesque. Blandit cursus risus at ultrices mi tempus. In nibh mauris cursus mattis molestie a iaculis at erat. Sed felis eget velit aliquet sagittis. Ante in nibh mauris cursus mattis. Est pellentesque elit ullamcorper dignissim cras tincidunt lobortis feugiat. Gravida quis blandit turpis cursus in hac. Porttitor leo a diam sollicitudin. Pretium fusce id velit ut tortor. Egestas erat imperdiet sed euismod nisi porta lorem mollis aliquam. Praesent elementum facilisis leo vel fringilla est ullamcorper eget. Sed libero enim sed faucibus turpis in eu mi bibendum. Sed id semper risus in hendrerit gravida rutrum quisque non. Turpis in eu mi bibendum. Viverra nibh cras pulvinar mattis.</p>');
INSERT INTO smil_aarhus.news_tr
(news_id, language_code, "title", "content")
VALUES(3, 'EN', 'Coronareopening', '<p>Lorem ipsum dolor sit amet, consectetur adipiscing elit, sed do eiusmod tempor incididunt ut labore et dolore magna aliqua. Sociis natoque penatibus et magnis dis parturient montes nascetur. Eget mi proin sed libero enim sed. Vitae justo eget magna fermentum iaculis eu. Tortor dignissim convallis aenean et tortor at risus viverra. Ullamcorper velit sed ullamcorper morbi tincidunt ornare massa eget egestas. At tempor commodo ullamcorper a lacus. Nunc scelerisque viverra mauris in aliquam sem fringilla ut morbi. Elementum nibh tellus molestie nunc non blandit massa. Lorem sed risus ultricies tristique. Praesent elementum facilisis leo vel fringilla est ullamcorper eget nulla. Sapien eget mi proin sed libero enim. Eu scelerisque felis imperdiet proin. Morbi tempus iaculis urna id volutpat. Nunc congue nisi vitae suscipit tellus mauris a diam maecenas. Id cursus metus aliquam eleifend mi in nulla.</p><p>Ut morbi tincidunt augue interdum velit euismod in pellentesque. Blandit cursus risus at ultrices mi tempus. In nibh mauris cursus mattis molestie a iaculis at erat. Sed felis eget velit aliquet sagittis. Ante in nibh mauris cursus mattis. Est pellentesque elit ullamcorper dignissim cras tincidunt lobortis feugiat. Gravida quis blandit turpis cursus in hac. Porttitor leo a diam sollicitudin. Pretium fusce id velit ut tortor. Egestas erat imperdiet sed euismod nisi porta lorem mollis aliquam. Praesent elementum facilisis leo vel fringilla est ullamcorper eget. Sed libero enim sed faucibus turpis in eu mi bibendum. Sed id semper risus in hendrerit gravida rutrum quisque non. Turpis in eu mi bibendum. Viverra nibh cras pulvinar mattis.</p>');
INSERT INTO smil_aarhus.news_tr
(news_id, language_code, "title", "content")
VALUES(1, 'DA', 'Ny hjemmeside', '<p>Lorem ipsum dolor sit amet, consectetur adipiscing elit, sed do eiusmod tempor incididunt ut labore et dolore magna aliqua. Sociis natoque penatibus et magnis dis parturient montes nascetur. Eget mi proin sed libero enim sed. Vitae justo eget magna fermentum iaculis eu. Tortor dignissim convallis aenean et tortor at risus viverra. Ullamcorper velit sed ullamcorper morbi tincidunt ornare massa eget egestas. At tempor commodo ullamcorper a lacus. Nunc scelerisque viverra mauris in aliquam sem fringilla ut morbi. Elementum nibh tellus molestie nunc non blandit massa. Lorem sed risus ultricies tristique. Praesent elementum facilisis leo vel fringilla est ullamcorper eget nulla. Sapien eget mi proin sed libero enim. Eu scelerisque felis imperdiet proin. Morbi tempus iaculis urna id volutpat. Nunc congue nisi vitae suscipit tellus mauris a diam maecenas. Id cursus metus aliquam eleifend mi in nulla.</p><p>Ut morbi tincidunt augue interdum velit euismod in pellentesque. Blandit cursus risus at ultrices mi tempus. In nibh mauris cursus mattis molestie a iaculis at erat. Sed felis eget velit aliquet sagittis. Ante in nibh mauris cursus mattis. Est pellentesque elit ullamcorper dignissim cras tincidunt lobortis feugiat. Gravida quis blandit turpis cursus in hac. Porttitor leo a diam sollicitudin. Pretium fusce id velit ut tortor. Egestas erat imperdiet sed euismod nisi porta lorem mollis aliquam. Praesent elementum facilisis leo vel fringilla est ullamcorper eget. Sed libero enim sed faucibus turpis in eu mi bibendum. Sed id semper risus in hendrerit gravida rutrum quisque non. Turpis in eu mi bibendum. Viverra nibh cras pulvinar mattis.</p>');
INSERT INTO smil_aarhus.news_tr
(news_id, language_code, "title", "content")
VALUES(1, 'EN', 'New website', '<p>Lorem ipsum dolor sit amet, consectetur adipiscing elit, sed do eiusmod tempor incididunt ut labore et dolore magna aliqua. Sociis natoque penatibus et magnis dis parturient montes nascetur. Eget mi proin sed libero enim sed. Vitae justo eget magna fermentum iaculis eu. Tortor dignissim convallis aenean et tortor at risus viverra. Ullamcorper velit sed ullamcorper morbi tincidunt ornare massa eget egestas. At tempor commodo ullamcorper a lacus. Nunc scelerisque viverra mauris in aliquam sem fringilla ut morbi. Elementum nibh tellus molestie nunc non blandit massa. Lorem sed risus ultricies tristique. Praesent elementum facilisis leo vel fringilla est ullamcorper eget nulla. Sapien eget mi proin sed libero enim. Eu scelerisque felis imperdiet proin. Morbi tempus iaculis urna id volutpat. Nunc congue nisi vitae suscipit tellus mauris a diam maecenas. Id cursus metus aliquam eleifend mi in nulla.</p><p>Ut morbi tincidunt augue interdum velit euismod in pellentesque. Blandit cursus risus at ultrices mi tempus. In nibh mauris cursus mattis molestie a iaculis at erat. Sed felis eget velit aliquet sagittis. Ante in nibh mauris cursus mattis. Est pellentesque elit ullamcorper dignissim cras tincidunt lobortis feugiat. Gravida quis blandit turpis cursus in hac. Porttitor leo a diam sollicitudin. Pretium fusce id velit ut tortor. Egestas erat imperdiet sed euismod nisi porta lorem mollis aliquam. Praesent elementum facilisis leo vel fringilla est ullamcorper eget. Sed libero enim sed faucibus turpis in eu mi bibendum. Sed id semper risus in hendrerit gravida rutrum quisque non. Turpis in eu mi bibendum. Viverra nibh cras pulvinar mattis.</p>');
INSERT INTO smil_aarhus.news_tr
(news_id, language_code, "title", "content")
VALUES(2, 'DA', 'Test', '<p>Lorem ipsum dolor sit amet, consectetur adipiscing elit, sed do eiusmod tempor incididunt ut labore et dolore magna aliqua. Sociis natoque penatibus et magnis dis parturient montes nascetur. Eget mi proin sed libero enim sed. Vitae justo eget magna fermentum iaculis eu. Tortor dignissim convallis aenean et tortor at risus viverra. Ullamcorper velit sed ullamcorper morbi tincidunt ornare massa eget egestas. At tempor commodo ullamcorper a lacus. Nunc scelerisque viverra mauris in aliquam sem fringilla ut morbi. Elementum nibh tellus molestie nunc non blandit massa. Lorem sed risus ultricies tristique. Praesent elementum facilisis leo vel fringilla est ullamcorper eget nulla. Sapien eget mi proin sed libero enim. Eu scelerisque felis imperdiet proin. Morbi tempus iaculis urna id volutpat. Nunc congue nisi vitae suscipit tellus mauris a diam maecenas. Id cursus metus aliquam eleifend mi in nulla.</p><p>Ut morbi tincidunt augue interdum velit euismod in pellentesque. Blandit cursus risus at ultrices mi tempus. In nibh mauris cursus mattis molestie a iaculis at erat. Sed felis eget velit aliquet sagittis. Ante in nibh mauris cursus mattis. Est pellentesque elit ullamcorper dignissim cras tincidunt lobortis feugiat. Gravida quis blandit turpis cursus in hac. Porttitor leo a diam sollicitudin. Pretium fusce id velit ut tortor. Egestas erat imperdiet sed euismod nisi porta lorem mollis aliquam. Praesent elementum facilisis leo vel fringilla est ullamcorper eget. Sed libero enim sed faucibus turpis in eu mi bibendum. Sed id semper risus in hendrerit gravida rutrum quisque non. Turpis in eu mi bibendum. Viverra nibh cras pulvinar mattis.</p>');



SELECT setval( pg_get_serial_sequence('smil_aarhus.group', 'id'), (SELECT MAX(id) FROM smil_aarhus.group));
SELECT setval( pg_get_serial_sequence('smil_aarhus.image', 'id'), (SELECT MAX(id) FROM smil_aarhus.image));
SELECT setval( pg_get_serial_sequence('smil_aarhus.picture', 'id'), (SELECT MAX(id) FROM smil_aarhus.picture));
SELECT setval( pg_get_serial_sequence('smil_aarhus.event', 'id'), (SELECT MAX(id) FROM smil_aarhus.event));
SELECT setval( pg_get_serial_sequence('smil_aarhus.news', 'id'), (SELECT MAX(id) FROM smil_aarhus.news));
