INSERT INTO smil_aarhus.tr_language VALUES ('EN', 'English', 'english'), ('DA', 'Dansk', 'danish');

INSERT INTO smil_aarhus_private.user_role VALUES ('smil_admin', 'administrator'), ('smil_organizer', 'event organizer');


INSERT INTO smil_aarhus.image (id,"path",width,height) VALUES
	 (1,'media/b5693919-37ef-4480-848f-49b099ad4994.jpeg',5966,3356),
	 (2,'media/36a86154-45f7-4066-8f58-0105916e2f2a.jpeg',4160,6240),
	 (3,'media/a9e1f80b-9f69-4c8d-8d43-24d5978c9f42.jpeg',5184,3456),
	 (4,'media/576aac3e-fdcc-4ac7-ae39-6fdbc908f5f2.jpeg',5616,3744),
	 (5,'media/5ac9c28d-ee1b-4e0d-9b50-8b43690faff7.jpeg',1400,1050),
	 (6,'media/85e49295-46a6-4e3c-80df-e480a3303aa8.jpeg',474,411),
	 (7,'media/db177caa-35c7-4ba6-89c5-be671f17c116.jpeg',954,1431),
	 (8,'media/dcbe703e-3bb4-4abc-935e-5f72d64fe1bf.jpeg',1431,954),
	 (9,'media/809876d5-ba4d-4429-b3d1-58d75780e09f.jpeg',1431,954),
	 (10,'media/f6afbe74-13ce-4a67-9169-7a0fe891f432.jpeg',1431,954);
INSERT INTO smil_aarhus.image (id,"path",width,height) VALUES
	 (11,'media/17d81e6b-2d4e-4a43-b94e-2b162cff74b6.jpeg',954,1431),
	 (12,'media/8d04b581-49ff-4d65-a75e-97963b5ff8c0.jpeg',1431,954),
	 (13,'media/32c6feb5-ff44-466a-9229-946d425bd90e.jpeg',954,1431),
	 (14,'media/09023a64-28e1-4bcf-9bc8-5dfa9c95f7a9.jpeg',1431,954),
	 (15,'media/7f3799c7-0ab7-4a55-bb67-08f0eba3e96f.jpeg',1431,954),
	 (16,'media/64a5b873-da4c-4fe5-ac15-af6b1e76c95c.jpeg',1431,954),
	 (17,'media/12617651-6456-49ee-a85b-f509cf7664a2.jpeg',1431,954),
	 (18,'media/1fbee703-f775-483b-9e2a-be9df85fd09a.jpeg',954,1431),
	 (19,'media/97a4e30a-e671-4619-b64f-bd38a15b7e1b.jpeg',954,1431),
	 (20,'media/288f8762-1cdd-49a7-981f-22bc81b70876.jpeg',954,1431);
INSERT INTO smil_aarhus.image (id,"path",width,height) VALUES
	 (21,'media/b7afb0f7-af09-4d65-b230-70e02df6cfd8.jpeg',954,1431),
	 (22,'media/92f3c50d-12a2-450d-8122-32ae54e31a2a.jpeg',1431,954),
	 (23,'media/0572a74f-86dc-4b04-b0d8-5c0c338763a9.jpeg',1431,954),
	 (24,'media/0c2e2483-b547-4501-ae33-604e7ffb9cb8.jpeg',1431,954),
	 (25,'media/45deab99-4ca7-443c-9fab-cf8147fb791e.jpeg',1431,954),
	 (26,'media/5bc9fce6-574d-4d2c-916e-16fca5b89d96.jpeg',954,1431),
	 (27,'media/ac8621a1-c6c8-491b-8df1-a3e9a646f6b0.jpeg',954,1431),
	 (28,'media/dae02a6f-f0de-4a25-9e21-8ce5ac791c1b.jpeg',1431,954),
	 (29,'media/7ead7c9b-0812-462d-adb3-41aceb862258.jpeg',954,1431),
	 (30,'media/f81e7ecc-4ed4-4f39-9db7-37749f2cd5be.jpeg',954,1431);
INSERT INTO smil_aarhus.image (id,"path",width,height) VALUES
	 (31,'media/5b8cc6bb-f002-4f66-ad1b-da2485d78024.jpeg',954,1431),
	 (32,'media/445e24a6-66c8-4498-b9bb-176df6b4851d.jpeg',1431,954),
	 (33,'media/d98ced47-3be5-40e0-9574-95c8a960ef3d.jpeg',954,1431),
	 (34,'media/07862ac7-f1fc-4350-9a20-2318c8f96d16.jpeg',954,1431),
	 (35,'media/298afbc1-0acb-402f-91b5-0adea839e168.jpeg',954,1431),
	 (36,'media/c0f1c0cc-9d9b-4dcc-b3a4-ee8286f4e03f.jpeg',954,1431),
	 (37,'media/bca2bfb5-1643-4dfc-b18a-c0ced228bb0a.jpeg',954,1431),
	 (38,'media/b5b56194-87c6-4fe6-9244-7b71401d6432.jpeg',954,1431),
	 (39,'media/55b2eacb-4db8-40c5-a7e6-e00e8b147d74.jpeg',1431,954),
	 (40,'media/d96ee095-540d-4805-be57-0e0ce9d7d71d.jpeg',954,1431);
INSERT INTO smil_aarhus.image (id,"path",width,height) VALUES
	 (41,'media/cb2713d1-0c08-4c73-aea7-e0ecabe5b5fa.jpeg',954,1431),
	 (42,'media/571ec9a1-8f31-42ef-9ba7-d9b1cb04b0b8.jpeg',1431,954),
	 (43,'media/f9ce33d2-7349-4c7c-8e6d-7f1bc10c0c02.jpeg',954,1431),
	 (44,'media/7e2f6a64-4fca-410f-b099-325f6b581e9a.jpeg',954,1431),
	 (45,'media/7f9316d4-b3b9-47bc-b852-4b2ca8c2520a.jpeg',954,1431),
	 (46,'media/466245da-6b34-4c11-ba6a-e799e9c66fd2.jpeg',954,1431),
	 (47,'media/16efcce6-bdbc-4045-a0e3-79dc812ef8d8.jpeg',1431,954),
	 (48,'media/7842e88d-f91f-4164-9cd3-d8147c5894f5.jpeg',1431,954),
	 (49,'media/fd49a508-a1fa-46d2-af2f-451b2eedee50.jpeg',1431,954),
	 (50,'media/aaeb97be-9b78-4013-a483-c5d8e7a74b53.jpeg',1431,954);
INSERT INTO smil_aarhus.image (id,"path",width,height) VALUES
	 (51,'media/38080be5-5d63-4e50-8238-03cac6a1cc54.jpeg',954,1431),
	 (52,'media/1d057bef-b758-4a38-92de-befad0cceacc.jpeg',1431,954);

INSERT INTO smil_aarhus.picture (id,image,"rank", allow_on_home) VALUES
	 (1,8,1, TRUE),
	 (2,7,2, TRUE),
	 (3,9,3, TRUE),
	 (4,10,4, FALSE),
	 (5,11,5, FALSE),
	 (6,12,6, TRUE),
	 (7,13,7, FALSE),
	 (8,14,8, TRUE),
	 (9,15,9, TRUE),
	 (10,16,10, TRUE);
INSERT INTO smil_aarhus.picture (id,image,"rank", allow_on_home) VALUES
	 (11,17,11, TRUE),
	 (12,18,12, FALSE),
	 (13,19,13, FALSE),
	 (14,20,14, FALSE),
	 (15,21,15, FALSE),
	 (16,22,16, TRUE),
	 (17,23,17, TRUE),
	 (18,24,18, TRUE),
	 (19,25,19, TRUE),
	 (20,26,20, FALSE);
INSERT INTO smil_aarhus.picture (id,image,"rank", allow_on_home) VALUES
	 (21,27,21, FALSE),
	 (22,28,22, TRUE),
	 (23,29,23, FALSE),
	 (24,30,24, FALSE),
	 (25,32,25, TRUE),
	 (26,31,26, FALSE),
	 (27,33,27, FALSE),
	 (28,34,28, FALSE),
	 (29,35,29, FALSE),
	 (30,36,30, FALSE);
INSERT INTO smil_aarhus.picture (id,image,"rank", allow_on_home) VALUES
	 (31,37,31, FALSE),
	 (32,38,32, FALSE),
	 (33,39,33, TRUE),
	 (34,40,34, FALSE),
	 (35,41,35, FALSE),
	 (36,42,36, FALSE),
	 (37,43,37, FALSE),
	 (38,44,38, FALSE),
	 (39,45,39, FALSE),
	 (40,46,40, FALSE);
INSERT INTO smil_aarhus.picture (id,image,"rank", allow_on_home) VALUES
	 (41,47,41, TRUE),
	 (42,48,42, TRUE),
	 (43,49,43, TRUE),
	 (44,50,44, TRUE),
	 (45,51,45, FALSE),
	 (46,52,46, TRUE);

INSERT INTO smil_aarhus."group"
(id, is_open, image)
VALUES(1, TRUE, 1);
INSERT INTO smil_aarhus."group"
(id, is_open, image)
VALUES(2, TRUE, 2);
INSERT INTO smil_aarhus."group"
(id, is_open, image)
VALUES(3, true, 3);
INSERT INTO smil_aarhus."group"
(id, is_open, image)
VALUES(4, false, 4);
INSERT INTO smil_aarhus."group"
(id, is_open, image)
VALUES(5, false, 5);
INSERT INTO smil_aarhus."group"
(id, is_open, image)
VALUES(6, false, 6);

INSERT INTO smil_aarhus.group_tr
(group_id, language_code, title, short_description, description, activity)
VALUES(1, 'EN', 'Peer Rope', 'At Peer Rope we meet for the ropes. We do not bind a particular style, but meet around the joy of rope.', '', 'about twice a month');
INSERT INTO smil_aarhus.group_tr
(group_id, language_code, title, short_description, description, activity)
VALUES(1, 'DA', 'Peer Rope', 'Til Peer Rope mødes vi om rebene. Vi binder ikke en bestemt stilart, men mødes omkring glæden ved reb.', '', 'ca. to gange om måneden');
INSERT INTO smil_aarhus.group_tr
(group_id, language_code, title, short_description, description, activity)
VALUES(2, 'EN', 'Peer Whip', 'Peer Whip is for those with a passion for floggers, whips, canes, etc. We meet in order to learn, practice, and give each other feedback.', '',  'about twice a month');
INSERT INTO smil_aarhus.group_tr
(group_id, language_code, title, short_description, description, activity)
VALUES(2, 'DA', 'Peer Whip', 'Idéen med Peer Whip er, at de som har passion for slagredskaber mødes for at lære, øve og give feedback.', '', 'ca. to gange om måneden');
INSERT INTO smil_aarhus.group_tr
(group_id, language_code, title, short_description, description, activity)
VALUES(3, 'EN', 'Kink Academy', '...', '',  'about once a month');
INSERT INTO smil_aarhus.group_tr
(group_id, language_code, title, short_description, description, activity)
VALUES(3, 'DA', 'Kink Academy', '...', '', 'ca. en gang om måneden');
INSERT INTO smil_aarhus.group_tr
(group_id, language_code, title, short_description, description, activity)
VALUES(4, 'EN', 'Queer Community', '...', '',  'about once a month');
INSERT INTO smil_aarhus.group_tr
(group_id, language_code, title, short_description, description, activity)
VALUES(4, 'DA', 'Queer Community', '...', '', 'ca. en gang om måneden');
INSERT INTO smil_aarhus.group_tr
(group_id, language_code, title, short_description, description, activity)
VALUES(5, 'EN', 'Kink Youth', '...', '',  'more than once a month');
INSERT INTO smil_aarhus.group_tr
(group_id, language_code, title, short_description, description, activity)
VALUES(5, 'DA', 'Kink Youth', '...', '', 'mere end en gang om måneden');
INSERT INTO smil_aarhus.group_tr
(group_id, language_code, title, short_description, description, activity)
VALUES(6, 'EN', 'Shaaaaark', 'Ikea', '',  'never');
INSERT INTO smil_aarhus.group_tr
(group_id, language_code, title, short_description, description, activity)
VALUES(6, 'DA', 'Haaaaaaaj', 'Ikea', '', 'aldrig');

INSERT INTO smil_aarhus.event_tag
VALUES (1);

INSERT INTO smil_aarhus.event_tag_tr
VALUES (1, 'EN', 'Members Night');

INSERT INTO smil_aarhus.event_tag_tr
VALUES (1, 'DA', 'Medlemsaften');

INSERT INTO smil_aarhus.event_tag
VALUES (2);

INSERT INTO smil_aarhus.event_tag_tr
VALUES (2, 'EN', 'Parties');

INSERT INTO smil_aarhus.event_tag_tr
VALUES (2, 'DA', 'Fester');

INSERT INTO smil_aarhus.event
VALUES (1,  date_trunc('day', now()) + (INTERVAL '1' day) + (INTERVAL '19' hour), date_trunc('day', now()) + (INTERVAL '2' day) + (INTERVAL '2' hour), FALSE);

INSERT INTO smil_aarhus.event_tr
VALUES (1, 'EN', 'Members Night', 'Ordinary members night.', NULL);

INSERT INTO smil_aarhus.event_tr
VALUES (1, 'DA', 'Medlemsaften', 'Normal medlemsaften.', NULL);

INSERT INTO smil_aarhus.event_via_event_tag
VALUES(1, 1);

INSERT INTO smil_aarhus.event
VALUES (2, date_trunc('day', now()) + (INTERVAL '30' day) + (INTERVAL '19' hour), date_trunc('day', now()) + (INTERVAL '31' day) + (INTERVAL '2' hour), FALSE);

INSERT INTO smil_aarhus.event_tr
VALUES (2, 'EN', 'Members Night', 'Ordinary members night.', NULL);

INSERT INTO smil_aarhus.event_tr
VALUES (2, 'DA', 'Medlemsaften', 'Normal medlemsaften.', NULL);

INSERT INTO smil_aarhus.event_via_event_tag
VALUES(2, 1);

INSERT INTO smil_aarhus.event
VALUES (3, date_trunc('day', now()) + (INTERVAL '30' day) + (INTERVAL '19' hour), date_trunc('day', now()) + (INTERVAL '31' day) + (INTERVAL '2' hour), FALSE);

INSERT INTO smil_aarhus.event_tr
VALUES (3, 'EN', 'Members Night', 'Ordinary members night.', NULL);

INSERT INTO smil_aarhus.event_tr
VALUES (3, 'DA', 'Medlemsaften', 'Normal medlemsaften.', NULL);

INSERT INTO smil_aarhus.event_via_event_tag
VALUES(3, 1);

INSERT INTO smil_aarhus.event
VALUES (4, date_trunc('day', now()) + (INTERVAL '10' day) + (INTERVAL '19' hour), date_trunc('day', now()) + (INTERVAL '11' day) + (INTERVAL '2' hour), FALSE);

INSERT INTO smil_aarhus.event_tr
VALUES (
    4,
    'EN',
    'Members Night - with new to SMIL',
    'Ordinary members night. But also new to SMIL.'
);

INSERT INTO smil_aarhus.event_tr
VALUES (
    4,
    'DA',
    'Medlemsaften - med ny i SMIL',
    'Normal medlemsaften. Men også med ny i SMIL.'
);

INSERT INTO smil_aarhus.event_via_event_tag
VALUES(4, 1);

INSERT INTO smil_aarhus.event
VALUES (5, date_trunc('day', now()) + (INTERVAL '34' day) + (INTERVAL '20' hour), date_trunc('day', now()) + (INTERVAL '35' day) + (INTERVAL '3' hour), TRUE);

INSERT INTO smil_aarhus.event_tr
VALUES (5, 'EN', 'Christmas Partyyyy', 'Test party.', NULL);

INSERT INTO smil_aarhus.event_tr
VALUES (5, 'DA', 'Julefeeeeest', 'Test fest.', NULL);

INSERT INTO smil_aarhus.event_via_event_tag
VALUES(5, 2);

INSERT INTO smil_aarhus.event_via_group
VALUES(5, 6);

INSERT INTO smil_aarhus.event
VALUES (6, date_trunc('day', now()) + (INTERVAL '23' day) + (INTERVAL '20' hour), date_trunc('day', now()) + (INTERVAL '24' day) + (INTERVAL '3' hour), FALSE);

INSERT INTO smil_aarhus.event_tr
VALUES (6, 'EN', 'Kink Youth Halloween Party', 'Test party.', NULL);

INSERT INTO smil_aarhus.event_tr
VALUES (6, 'DA', 'Kink Youth Halloween Party', 'Test fest.', NULL);

INSERT INTO smil_aarhus.event_via_event_tag
VALUES(6, 2);

INSERT INTO smil_aarhus.event_via_group
VALUES(6, 5);

INSERT INTO smil_aarhus.member
VALUES ('132277f6-f147-4c02-b31e-ae5f1fcbc2b6', 'test admin', 'adm', 'smil_admin', TRUE);

INSERT INTO smil_aarhus_private.member_account
VALUES ('132277f6-f147-4c02-b31e-ae5f1fcbc2b6', crypt('123', gen_salt('bf')));

INSERT INTO smil_aarhus.member
VALUES ('beb663ef-ab60-412b-ba5b-29561448e2ac', 'test organizer', 'org', 'smil_organizer', TRUE);

INSERT INTO smil_aarhus_private.member_account
VALUES ('beb663ef-ab60-412b-ba5b-29561448e2ac', crypt('123', gen_salt('bf')));

INSERT INTO smil_aarhus.page
VALUES ('home');

INSERT INTO smil_aarhus.page_tr
VALUES ('home', 'DA', '<h1>Velkommen til SMIL Aarhus</h1><p>Vi er en forening for personer, der er interesseret i og dyrker BDSM, sadomasochisme, hård sex og en bred vifte af kinks inden for samme område.</p><p>Er du nysgerrig og overvejer at blive medlem, kan du læse mere under "Bliv medlem" og bruge kalenderen til at finde en Informationsaften, hvor du kan få en rundvisning og stille spørgsmål til det medlem, der viser dig rundt. Ønsker du at besøge nogle af vores åbne arrangementer, kan du se i kalenderen efter de events, hvor man kan komme som dagsmedlem.</p><p>Er du allerede medlem er kalenderen god at holde øje med, når du planlægger leg i den udvidede åbningstid, da der godt kan ligge arrangementer i udvidet åbningstid.</p>');

INSERT INTO smil_aarhus.page_tr
VALUES ('home', 'EN', '<h1>Welcome to SMIL Aarhus</h1><p>We are an association for people who are interested in and practice BDSM, sadomasochism, hard sex and a wide range of kinks in the same area.</p><p> If you are curious and considering becoming a member, you can read more under "Become a member" and use the calendar to find an Information Evening where you can get a tour and ask questions to the member who shows you around. If you want to visit some of our open events, you can look in the calendar for the events where you can come as a day member.</p><p>If you are already a member, the calendar is good to keep an eye on when you plan to play in the extended opening hours, as there may well be events during extended opening hours.</p>');


INSERT INTO smil_aarhus.page
VALUES ('faq');

INSERT INTO smil_aarhus.page_tr
VALUES ('faq', 'DA', '');

INSERT INTO smil_aarhus.page_tr
VALUES ('faq', 'EN', '');



SELECT setval( pg_get_serial_sequence('smil_aarhus.group', 'id'), (SELECT MAX(id) FROM smil_aarhus.group));
SELECT setval( pg_get_serial_sequence('smil_aarhus.image', 'id'), (SELECT MAX(id) FROM smil_aarhus.image));
SELECT setval( pg_get_serial_sequence('smil_aarhus.picture', 'id'), (SELECT MAX(id) FROM smil_aarhus.picture));
SELECT setval( pg_get_serial_sequence('smil_aarhus.event', 'id'), (SELECT MAX(id) FROM smil_aarhus.event));
