INSERT INTO smil_aarhus.image (id,"path",width,height,credit) VALUES
	 ('8b9633dd-4851-42d2-a920-3e1d9a21c689','media/8b9633dd-4851-42d2-a920-3e1d9a21c689.jpeg',5966,3356,'<p><a href="https://unsplash.com/@warmorange">@warmorange</a></p>'),
	 ('c67a49b6-d9ba-47e0-8d29-f0a0bc1cd986','media/c67a49b6-d9ba-47e0-8d29-f0a0bc1cd986.jpeg',4000,6000,'<p><a href="https://www.pexels.com/@yankrukov">Yan Krukov</a></p>'),
	 ('421a52fb-f902-4fdb-9b45-e3ce05dca31e','media/421a52fb-f902-4fdb-9b45-e3ce05dca31e.jpeg',5616,3744,'<p><a href="https://unsplash.com/@sharonmccutcheon">@sharonmccutcheon</a></p>'),
	 ('a3f0dabe-9190-49e4-9a96-b2a41b9c5b89','media/a3f0dabe-9190-49e4-9a96-b2a41b9c5b89.jpeg',5184,3456,'<p><a href="https://unsplash.com/@edoronila">@edoronila</a></p>'),
	 ('ca86a3c5-4010-4217-9db2-30e2baa25d8c','media/ca86a3c5-4010-4217-9db2-30e2baa25d8c.jpeg',954,1431,'<p><a href="https://fetlife.com/users/4607313">MagicLight</a></p>'),
	 ('66080f19-f68d-4584-a5f7-4b87965ff16f','media/66080f19-f68d-4584-a5f7-4b87965ff16f.jpeg',954,1431,'<p><a href="https://fetlife.com/users/4607313">MagicLight</a></p>'),
	 ('07fb3378-fd53-4e6c-9052-73079e6234a1','media/07fb3378-fd53-4e6c-9052-73079e6234a1.jpeg',5550,3700,'<p><a href="https://www.pexels.com/@cottonbro">cottonbro</a></p>');

INSERT INTO smil_aarhus."group" (id,image,is_open) VALUES
	 ('f2d8aeaa-2750-4fb5-b505-65ee349087c7','8b9633dd-4851-42d2-a920-3e1d9a21c689',true),
	 ('03f86eb0-2e3c-4906-b5c8-0dc0d0258ecc','421a52fb-f902-4fdb-9b45-e3ce05dca31e',false),
	 ('fb6589b3-0825-4ab7-bc3f-e9e7188dced1','a3f0dabe-9190-49e4-9a96-b2a41b9c5b89',true),
	 ('47ff772e-b4af-4a23-8865-e3f7f5f5bc6a','ca86a3c5-4010-4217-9db2-30e2baa25d8c',true),
	 ('fddd1243-6f60-4b72-9ad6-9f3884b91efd','66080f19-f68d-4584-a5f7-4b87965ff16f',false),
	 ('c98e9c2b-dd00-4413-bd61-77a52ddefb32','07fb3378-fd53-4e6c-9052-73079e6234a1',true),
	 ('b6b2897c-d855-4298-b368-472112246227','c67a49b6-d9ba-47e0-8d29-f0a0bc1cd986',true);

INSERT INTO smil_aarhus.group_tr (group_id,language_code,title,short_description,description,activity) VALUES
	 ('f2d8aeaa-2750-4fb5-b505-65ee349087c7','EN','Peer Rope','At Peer Rope we meet about the ropes. We do not tie a specific style, but meet around the joy of rope.','<p>At Peer Rope we meet about the ropes. We do not tie a specific style, but meet around the joy of rope, so there is room for you, whatever you tie naka-inspired or American-inspired. There is room for you whatever you bind semenawa or meditatively. There is room for you whether you want to make the most advanced suspension or just fix your partner to the bed. In short, there is room for everyone here. However, you are expected to bind within your own level, and the teacher reserves the right to intervene if he or she sees something that is irresponsible.</p><p>Therefore, we also have no requirements for dress, or lack of the same. However, the individual teacher can set requirements for minimum clothing when participating in the teaching. We offer both beginner and experienced classes:</p><h4>Beginner classes</h4><p>The beginner level for peer rope generally ranges widely from the top who has never had a rope in hand to the insecure rig that is not yet fully self-propelled. The teaching is designed so that you are lifted from the level you are individually at, and you will thus also be able to benefit from the teaching as easily as possible. The teacher will primarily be Cephalica, who has 6 years of experience as a rig and 8 years of experience as a model and Millepigen who has 5 years of experience as a model. Occasionally we will get help from guest lecturer. The teaching will generally be structured so that we start by practicing the most basic things, then we go in depth with a binding, and finally we will show a play concept based on today''s binding, possibly with the inclusion of other bindings from the beginner''s syllabus.</p><h4>Experienced classes</h4><p>We strive to have a wide range of different experienced educators who tie different styles. The teachers will thus teach in different styles depending on their own preferences. And will teach everything from suspension, semi-suspension, floorwork, predicaments etc. However, the level of teaching will be organized on the basis that both rigs and model have control of / experience svt</p>','more than twice a month'),
	 ('f2d8aeaa-2750-4fb5-b505-65ee349087c7','DA','Peer Rope','Til Peer rope mødes vi om rebene. Vi binder ikke en bestemt stilart, men mødes omkring glæden ved reb.','<p>Til Peer rope mødes vi om rebene. Vi binder ikke en bestemt stilart, men mødes omkring glæden ved reb, så der er plads til dig, hvad end du binder naka-inspireret eller amerikansk-inspireret. Der er plads til dig hvad end du binder semenawa eller meditativt. Der er plads til dig hvad enten du ønsker at lave de allermest avancerede suspension eller blot fikserer din partner til sengen. Kort sagt er her plads til alle. Dog forventes der at man binder indenfor eget niveau, og underviser forbeholder sig retten til at skride ind hvis denne ser noget der er uansvarligt.</p><p>Derfor har vi heller ikke krav til påklædning, eller mangel på samme. Dog kan den enkelte underviser stille krav til minimumsbeklædning ved deltagelse i undervisningen. Der tilbydes både begynder og øvede undervisning:</p><h4>Begynder</h4><p>Begynderniveauet til peer rope spænder generelt bredt fra toppen der aldrig har haft et reb i hånden til den usikre rigger der endnu ikke er helt selvkørende. Undervisningen er tilrettelagt således at man løftes fra det niveau man individuelt befinder sig på, og man vil således også som letøvet kunne få udbytte af undervisningen.<br>Underviserer vil primært være Cephalica, der har 6 års erfaring som rigger og 8 års erfaring som model og Millepigen der har 5 år erfaring som model.<br>Enkelte gange vil vi få hjælp fra gæsteunderviser.<br>Undervisningen vil generelt være opbygget således at vi starter med at øve de mest basale ting, dernæst går vi i dybden med en binding, og til slut vil vi vise et legekoncept med udgangspunkt i dagens binding, evt med inddragelse af andre bindinger fra begynderpensum.</p><h4>Øvede</h4><p>Vi bestræber os på at have en lang række af forskellige erfarne undervisere, der binder forskellige stilarter. Underviserne vil således undervise i forskellige stilarter alt efter egne præferencer. Og vil undervise i alt fra suspension, semisuspension, floorwork, predicaments etc. Dog vil undervisningens niveau tilrettelægges med udgangspunkt i at både rigger og model har styr på/ erfaring svt.</p>','mere end to gange om måneden'),
	 ('47ff772e-b4af-4a23-8865-e3f7f5f5bc6a','DA','Peer Whip','Idéen med Peer Whip er, at de som har passion for slagredskaber mødes for at lære, øve og give feedback. ','<p>Idéen med Peer Whip er, at de som har passion for slagredskaber mødes for at lære, øve og give feedback. Alle er velkomne, hvad enten du er den som svinger pisken eller den som modtager. Principperne for eftermiddagen er respekt for hinanden og hinandens leg, man deltager i det man har lyst til, ingen er mere end andre og vi håber at alle er indstillet på at dele ud af viden, kunnen, oplevelser og erfaringer.</p><p>Alle slagredskaber er velkomne; Floggere, spanskrør, hænder, paddles, tawser, single-tails, pervertibles (almindeligt uskyldigt udseende materialer, der med god fantasi kan bruges som slagredskab) og ja, you name it.</p><p>Medbring egne slagredskaber. I lokalerne vil der desuden være forskellige slagredskaber, som man er velkommen til at bruge.</p><p>Alt efter behov og deltagernes erfaring vil vi begynde med en intro, hvor vi gennemgår forskellige typer af slagredskaber, sikkerhed, formål med en slag-seance, slagteknikker og aftercare. Hvis nogen har mod og lyst – hvilket det typisk er – vil vi også give et par demonstrationer. Al læring foregår jo bedst efter devicen vise-forklare-øve, så vi skal hurtig i gang med at øve og give hinanden feedback og gode råd.</p><p>Hverdage starter vi kl. 19.00, svinger løs med piske og andet fornøjeligt i nogle timer. Vi slutter senest kl. 22.00. Vi har ikke nogen særlig dresscode til Peer Whip på hverdage.</p>','ca. en gang om måneden'),
	 ('03f86eb0-2e3c-4906-b5c8-0dc0d0258ecc','DA','Queer Community','Eventer for queer/LGBTQIA+ SMil medlemmer.','<h4>Hvem er Queer Community for?</h4><p>Vores events er som udgangspunkt åbent for alle trans, non-binære-, genderqueer-, genderfluid- og intersexpersoner, biseksuelle, lesbiske, bøsser og alle andre personer som identificerer sig indenfor LGBTQIA+ eller andre queer indentiteter.</p>','ca. en gang om måneden'),
	 ('03f86eb0-2e3c-4906-b5c8-0dc0d0258ecc','EN','Queer Community','Events for queer/LGBTQIA+ SMil members.','<h4>Who is Queer Community for?</h4><p>Our events are basically open to all trans, non-binary, genderqueer, genderfluid and intersex people, bisexuals, lesbians, gays and all other people who identify within LGBTQIA + or other queer identities.</p>','about once a month'),
	 ('fb6589b3-0825-4ab7-bc3f-e9e7188dced1','EN','Kink Academy','Kink focussed lectures and presentations.','<p>Kink focussed lectures and presentations.</p>','about once a month'),
	 ('fb6589b3-0825-4ab7-bc3f-e9e7188dced1','DA','Kink Academy','Kink fokusserede foredrag og oplæg.','<p>Kink fokusserede foredrag og oplæg.</p>','ca. en gang om måneden'),
	 ('47ff772e-b4af-4a23-8865-e3f7f5f5bc6a','EN','Peer Whip','Peer Whip is for those with a passion for floggers, whips, canes, etc. We meet in order to learn, practice, and give each other feedback.','<p>Peer Whip is for those with a passion for floggers, whips, canes, etc. We meet in order to learn, practice, and give each other feedback. Regardless of which end of the whip you enjoy you’re always welcome. The general rule for the afternoon is respect for each other and each other’s play, you join in only where you like, no one is more important than others, and we hope everyone is prepared to share their knowledge, capabilities, and experiences.</p><p>All kinds of instruments of impact are welcome; floggers, canes, hands, paddles, single-tails, pervertibles, and yes, you name it.</p><p>Bring your own toys. In our facilities there will be various but limited amount of impact instruments available that everyone are welcome to use.</p><p>With respect for participants’ experience and need, we may begin with a short intro about the different instruments of impact, safety, purpose of an impact scene, technics, and aftercare. If anyone has appetite – which there usually are – we will also give a few demonstrations. After all, all learning works best in a show-explain-practice principle. So we aim to quickly get the practice going and give each other feedback and good advice.</p><p>Weekdays we start at 7pm and swing away with our instruments for some hours. The workshop ends at the latest 10pm. No particular dress code for Peer Whip on weekdays.</p>','about once a month'),
	 ('fddd1243-6f60-4b72-9ad6-9f3884b91efd','EN','Domini Noctis','Domini Noctis-gruppen arrangerer gallamiddag og legeaften for par, hvor herrerne er dominerende, og kvinderne er submissive. ','<p>The Domini Noctis group organizes gala dinners and play nights for couples where the men are dominant and the women are submissive. In addition, there will usually be one or two maids. The event is only for SMil members. The women are under the protection of their own masters and are only available to their own master. The women of others must not be touched or dominated without the express agreement of the woman''s master.</p>','about every 2nd month'),
	 ('fddd1243-6f60-4b72-9ad6-9f3884b91efd','DA','Domini Noctis','Domini Noctis-gruppen arrangerer gallamiddag og legeaften for par, hvor herrerne er dominerende, og kvinderne er submissive.','<p>Domini Noctis-gruppen arrangerer gallamiddag og legeaften for par, hvor herrerne er dominerende, og kvinderne er submissive. Desuden vil der som regel være en eller to stuepiger. Arrangementet er kun for SMil medlemmer. Kvinderne står under egne herrers beskyttelse og står kun til rådighed for egen herre. Andres kvinder må ikke berøres eller domineres uden udtrykkelig aftale med kvindens herre.</p>','omkring hver anden måned'),
	 ('c98e9c2b-dd00-4413-bd61-77a52ddefb32','EN','Poly Relationships','Events for anyone interested in poly-relationships, whether you live it, would like to live it or are just curious.','<p>Events for anyone interested in poly-relationships, whether you live it, would like to live it or are just curious. Open to everyone, regardless of BDSM orientation. If you are new or curious, you can get tips on how to get started with a poly relationship. If you are experienced, you can hear what others are doing.</p><ul><li>What is poly to you?&nbsp;</li><li>How do you live in your poly relationship?</li><li>Different types of poly-ratios.</li><li>What about jealousy?</li></ul><p>The principles are respect for each other and each other''s relationships, you participate in what you want, no one is more than others, and we hope that everyone is willing to share knowledge, skills, experiences and experiences.</p>','about twice a year'),
	 ('c98e9c2b-dd00-4413-bd61-77a52ddefb32','DA','Poly Forhold','Eventer for alle der er interesseret i poly-forhold, uanset om du lever det, kunne tænke dig at leve det eller bare er nysgerrig.','<p>Eventer for alle der er interesseret i poly-forhold, uanset om du lever det, kunne tænke dig at leve det eller bare er nysgerrig. Åbent for alle, uanset BDSM-mæssig orientering. Er du ny eller nysgerrig, kan du få tips til, hvordan du kommer i gang med et poly-forhold. Er du erfaren, kan du høre hvad andre gør.</p><ul><li>Hvad er poly-forhold for dig?</li><li>Hvordan lever du i dit poly-forhold?</li><li>Forskellige former for poly-forhold.</li><li>Hvad med jalousi?</li></ul><p>Principperne er respekt for hinanden og hinandens forhold, man deltager i det man har lyst til, ingen er mere end andre, og vi håber, at alle er indstillet på at dele ud af viden, kunnen, oplevelser og erfaringer.</p>','omkring 2 gange om året'),
	 ('b6b2897c-d855-4298-b368-472112246227','EN','Kink Youth','Kink Youth opens its doors to all SMil members in the age range from 18 to 35 years.','<p>Kink Youth opens its doors to all SMil members in the age range from 18 to 35 years.</p>','about once a month'),
	 ('b6b2897c-d855-4298-b368-472112246227','DA','Kink Youth','Kink Youth slår dørene op for alle SMil-medlemmer i aldersrammen fra 18 til 35 år.','<p>Kink Youth slår dørene op for alle SMil-medlemmer i aldersrammen fra 18 til 35 år.</p>','ca. en gang om måneden');
