INSERT INTO smil_aarhus.page (id) VALUES
	 ('5799eb85-0378-4dff-b2f4-e2bfd41d75ac'),
	 ('15a5476a-5700-4913-8bdf-7b3c40dd6f12'),
	 ('941483a5-a5c1-43b0-bb09-66c2b2fcdd50'),
	 ('a8a21088-6a46-45cb-af51-992209aef751'),
	 ('e20a308e-f299-46ef-9666-1180976d44ff'),
	 ('70fe1044-2424-49ae-af7e-6f3446332f95'),
	 ('98ac2344-0d9f-4710-b290-803c1fe571b3');


INSERT INTO smil_aarhus.info_page (id,icon,"rank") VALUES
	 ('5799eb85-0378-4dff-b2f4-e2bfd41d75ac','wpf:faq',1),
	 ('15a5476a-5700-4913-8bdf-7b3c40dd6f12','mdi:information-outline',2),
	 ('941483a5-a5c1-43b0-bb09-66c2b2fcdd50','mdi:account-group-outline',4),
	 ('a8a21088-6a46-45cb-af51-992209aef751','mdi:restore-alert',6),
	 ('e20a308e-f299-46ef-9666-1180976d44ff','mdi:clipboard-text',7),
	 ('70fe1044-2424-49ae-af7e-6f3446332f95','mdi:calendar-expand-horizontal',3),
	 ('98ac2344-0d9f-4710-b290-803c1fe571b3','icon-park-outline:clothes-suit',5);

INSERT INTO smil_aarhus.info_page_tr (info_page_id,language_code,title,subtitle) VALUES
	 ('5799eb85-0378-4dff-b2f4-e2bfd41d75ac','DA','FAQ','Ofte Stillede Spørgsmål'),
	 ('5799eb85-0378-4dff-b2f4-e2bfd41d75ac','EN','FAQ','Frequently Asked Questions'),
	 ('15a5476a-5700-4913-8bdf-7b3c40dd6f12','DA','Hvad er SMil?','Generalt info om smil'),
	 ('15a5476a-5700-4913-8bdf-7b3c40dd6f12','EN','What is SMil?','General info about SMil'),
	 ('941483a5-a5c1-43b0-bb09-66c2b2fcdd50','EN','Become member','Guide for becoming a member'),
	 ('941483a5-a5c1-43b0-bb09-66c2b2fcdd50','DA','Bliv medlem','Guide til at blive medlem'),
	 ('a8a21088-6a46-45cb-af51-992209aef751','EN','SMil Aarhus','History about SMil Aarhus'),
	 ('a8a21088-6a46-45cb-af51-992209aef751','DA','SMil Aarhus','SMil Aarhus'' historie'),
	 ('e20a308e-f299-46ef-9666-1180976d44ff','EN','Rules','Good behavior in SMil'),
	 ('e20a308e-f299-46ef-9666-1180976d44ff','DA','Regler','God opførsel i SMIL'),
	 ('70fe1044-2424-49ae-af7e-6f3446332f95','DA','Udvidet åbningstid','Luk dig selv ind uden for arrangementer'),
	 ('70fe1044-2424-49ae-af7e-6f3446332f95','EN','Extended opening','Let yourself in outside of events'),
	 ('98ac2344-0d9f-4710-b290-803c1fe571b3','DA','Dress code','Generel dresscode til arrangementer'),
	 ('98ac2344-0d9f-4710-b290-803c1fe571b3','EN','Dress code','General dress code for events');
