INSERT INTO smil_aarhus.event ("id", "starts_at", "ends_at", "special") VALUES
	('c7488d83-a5fb-43fb-b9ca-f2c19a3b0f57','2022-01-28T18:30:00+01:00','2022-01-28T19:45:00+01:00','false'),
	('0112cf83-327b-4dc6-b1de-3157b7f6b74e','2022-01-28T20:00:00+01:00','2022-01-29T03:00:00+01:00','false'),
	('031878a2-c517-43fa-9e6e-91325aef200e','2022-01-28T20:30:00+01:00','2022-01-28T23:00:00+01:00','false'),
	('74c7b2fb-320f-4edc-81d2-5ab51932b785','2022-01-29T20:00:00+01:00','2022-01-29T22:00:00+01:00','true'),
	('27d61743-5072-4d1e-a882-e8e3b4bf5de3','2022-02-03T18:00:00+01:00','2022-02-03T21:00:00+01:00','false'),
	('827dad40-52d0-4aef-a028-6ffebfb94856','2022-02-04T20:00:00+01:00','2022-02-05T03:00:00+01:00','false'),
	('00d6d50f-b825-4ee7-9ca1-f75ba87ed8e3','2022-02-05T20:00:00+01:00','2022-02-06T03:00:00+01:00','false'),
	('68b444ea-0434-47a1-a518-b6504fa85d6d','2022-02-08T19:00:00+01:00','2022-02-08T22:00:00+01:00','false'),
	('94ad1ad8-cdd6-42c1-a94e-731be909ca9c','2022-02-10T19:00:00+01:00','2022-02-10T23:00:00+01:00','false'),
	('ec41b1ac-e93d-4995-b68d-7c6cd6d2d218','2022-02-11T20:00:00+01:00','2022-02-12T03:00:00+01:00','false'),
	('f570dd39-3cff-445d-bbcc-ebb5773b26eb','2022-02-12T20:00:00+01:00','2022-02-13T03:00:00+01:00','false'),
	('b9131e43-30ef-4f5a-becb-3ef204563800','2022-02-17T18:00:00+01:00','2022-02-17T21:00:00+01:00','false'),
	('2b176d67-f36e-4f0f-8546-51cf8bc587de','2022-02-18T18:30:00+01:00','2022-02-18T19:45:00+01:00','false'),
	('9dab0df3-dc64-4389-b43e-ea0a705224b1','2022-02-18T20:00:00+01:00','2022-02-19T03:00:00+01:00','false'),
	('6f93f1e4-4e18-43b3-a50d-7f446b44ff96','2022-02-18T20:30:00+01:00','2022-02-18T23:00:00+01:00','false'),
	('57b478e4-bfb2-4e1d-95e5-c1917842c954','2022-02-19T20:00:00+01:00','2022-02-20T03:00:00+01:00','false'),
	('1e6b8d9a-5ac3-4efe-b586-7f8e0688bb5a','2022-02-25T20:00:00+01:00','2022-02-26T03:00:00+01:00','false'),
	('72b95c2a-3b7f-4b2a-b5f3-8b56e700460a','2022-02-26T20:00:00+01:00','2022-02-27T03:00:00+01:00','false'),
	('fb6bc28e-cd29-4999-a456-8c1eedbb6ab3','2022-03-04T20:00:00+01:00','2022-03-05T03:00:00+01:00','false'),
	('80e60200-794c-4269-a732-1646a4aa931d','2022-03-05T15:00:00+01:00','2022-03-05T19:00:00+01:00','false'),
	('ef2f8887-5739-40ac-9d8d-f6c5e8a2c4f8','2022-03-05T20:00:00+01:00','2022-03-06T03:00:00+01:00','false'),
	('24f4cbfa-f6d2-4cfc-97a2-93f256f4a9d2','2022-03-10T19:00:00+01:00','2022-03-10T23:00:00+01:00','false'),
	('2594fd19-03bb-4285-ac0d-cce20d9d0bed','2022-03-11T18:30:00+01:00','2022-03-11T19:45:00+01:00','false'),
	('3b51c737-a55e-4c65-a9cc-c8b8d2bc776e','2022-03-11T20:00:00+01:00','2022-03-12T03:00:00+01:00','false'),
	('137dd9e0-d2d0-46a5-9472-3b012047343b','2022-03-11T20:30:00+01:00','2022-03-11T23:00:00+01:00','false'),
	('00973fa3-4695-43d3-b260-abb4ee2f477a','2022-03-12T20:00:00+01:00','2022-03-13T03:00:00+01:00','false'),
	('efad7c0d-dc9a-4ea2-89da-5f32e7a92948','2022-03-18T20:00:00+01:00','2022-03-19T03:00:00+01:00','false'),
	('37a1fe97-545a-435f-92f1-88344f2ebde7','2022-03-19T15:00:00+01:00','2022-03-19T19:00:00+01:00','false'),
	('60925d19-a39f-4770-bb17-082485341d82','2022-03-25T20:00:00+01:00','2022-03-26T03:00:00+01:00','false'),
	('4e7af6be-f1c3-45d9-9662-7054cc38f822','2022-03-26T15:00:00+01:00','2022-03-26T19:00:00+01:00','false'),
	('95f59099-1a15-4b56-bfba-6b65d7fa8ff4','2022-03-26T20:00:00+01:00','2022-03-26T22:00:00+01:00','false'),
	('1c5d0190-a4c2-4438-85a0-9f5b9d891ffe','2022-04-01T18:30:00+02:00','2022-04-01T19:45:00+02:00','false'),
	('9e59f5f2-6e6a-4ce9-adc2-d452f3de6636','2022-04-01T20:00:00+02:00','2022-04-02T03:00:00+02:00','false'),
	('82b5afac-73c8-4a41-b0e4-54b92176541d','2022-04-01T20:30:00+02:00','2022-04-01T23:00:00+02:00','false'),
	('14cf80a1-f5a3-47ab-9bdd-e4b74b0ea71c','2022-04-02T20:00:00+02:00','2022-04-03T03:00:00+02:00','false'),
	('0c4a35b6-a66e-457f-8ac2-c4299210a853','2022-04-08T20:00:00+02:00','2022-04-09T03:00:00+02:00','false'),
	('b4b9a1da-e7af-46be-a613-d94b96ce497c','2022-04-09T15:00:00+02:00','2022-04-09T19:00:00+02:00','false'),
	('baf22540-b75e-4a3e-8316-7b9b6b2424eb','2022-04-09T20:00:00+02:00','2022-04-10T03:00:00+02:00','false'),
	('654bbeef-b441-422d-b951-1373c1f4bff3','2022-04-14T19:00:00+02:00','2022-04-14T23:00:00+02:00','false'),
	('cc1a80bc-9da5-4c51-a35c-8a86d48d137c','2022-04-15T20:00:00+02:00','2022-04-16T03:00:00+02:00','false'),
	('8b010b08-44a3-4208-9fef-5024df22e672','2022-04-16T20:00:00+02:00','2022-04-17T03:00:00+02:00','false'),
	('2f744045-78ea-4fba-867d-c126f743f422','2022-04-22T18:30:00+02:00','2022-04-22T19:45:00+02:00','false'),
	('fb1d5f98-922f-47ee-bd25-1db324ddcdb4','2022-04-22T20:00:00+02:00','2022-04-23T03:00:00+02:00','false'),
	('60d955aa-2f8f-48e2-b0e2-e26537e25a7f','2022-04-22T20:30:00+02:00','2022-04-22T23:00:00+02:00','false'),
	('488064f6-8b69-47df-8f3f-86692cba41c2','2022-04-23T20:00:00+02:00','2022-04-24T03:00:00+02:00','false'),
	('a6f38473-cffd-483d-ba20-f09324a43eea','2022-04-26T19:00:00+02:00','2022-04-26T22:00:00+02:00','false'),
	('5f3c32a7-ef41-40c6-aac4-1ee11fe57a69','2022-04-29T20:00:00+02:00','2022-04-30T03:00:00+02:00','false'),
	('354aa96c-e24d-4302-b5f7-35e6f9c1c6a9','2022-04-30T15:00:00+02:00','2022-04-30T19:00:00+02:00','false'),
	('24eabf0b-6d23-411e-84f7-e586359d0fbb','2022-05-06T20:00:00+02:00','2022-05-07T03:00:00+02:00','false'),
	('0d27610d-c8c6-4e56-985b-291dd493884d','2022-05-07T20:00:00+02:00','2022-05-08T03:00:00+02:00','false'),
	('fb4cd67b-b5fc-4cda-81ae-42d34d047f5e','2022-05-12T19:00:00+02:00','2022-05-12T23:00:00+02:00','false'),
	('37e8af72-a3cb-437d-86e5-eb1e7cf66f43','2022-05-13T18:30:00+02:00','2022-05-13T19:45:00+02:00','false'),
	('9065701e-ecb3-425d-bfe3-09a78983c108','2022-05-13T20:00:00+02:00','2022-05-14T03:00:00+02:00','false'),
	('811764bf-e737-42a3-91a7-592ad35c6535','2022-05-13T20:30:00+02:00','2022-05-13T23:00:00+02:00','false'),
	('c9fb4880-f2c7-473a-ada9-5bcd607b50e3','2022-05-14T20:00:00+02:00','2022-05-15T03:00:00+02:00','false'),
	('3d1ce582-98e0-4a06-b869-32237e8f3bfa','2022-05-20T20:00:00+02:00','2022-05-21T03:00:00+02:00','false'),
	('b0b7b71f-bfdf-4834-bb4b-8de2b71b868b','2022-05-21T15:00:00+02:00','2022-05-21T19:00:00+02:00','false'),
	('31edf207-8e18-4847-a36e-cb88818e01b9','2022-05-21T20:00:00+02:00','2022-05-22T03:00:00+02:00','false'),
	('725a5b01-518d-440c-b601-44ba36d8f612','2022-05-24T19:00:00+02:00','2022-05-24T22:00:00+02:00','false'),
	('0d656db0-0922-453f-913f-25d9c137927f','2022-05-27T20:00:00+02:00','2022-05-28T03:00:00+02:00','false'),
	('bc6c6f3b-b9d9-4731-a494-a76b1bd96d6a','2022-05-28T11:00:00+02:00','2022-05-28T20:00:00+02:00','false'),
	('13bd6869-e61d-4937-992e-ec29b06528e0','2022-05-28T14:00:00+02:00','2022-05-28T18:00:00+02:00','false'),
	('8e948e50-7545-47f6-8cde-02714f34bf78','2022-05-28T20:00:00+02:00','2022-05-29T03:00:00+02:00','false'),
	('248c9ed3-4502-46d4-9fbf-d4563710eca3','2022-06-03T18:30:00+02:00','2022-06-03T19:45:00+02:00','false'),
	('a66300a0-55f1-4fed-8a04-d4c0927d7d17','2022-06-03T20:00:00+02:00','2022-06-04T03:00:00+02:00','false'),
	('a1c8f016-4f13-4292-9b22-30302bca9741','2022-06-03T20:30:00+02:00','2022-06-03T23:00:00+02:00','false'),
	('34e45762-9c90-40a0-82b9-a4498c845d8c','2022-06-04T20:00:00+02:00','2022-06-05T03:00:00+02:00','false'),
	('6e433cf8-7e3e-4614-b4c9-14059ef3fe74','2022-06-10T20:00:00+02:00','2022-06-11T03:00:00+02:00','false'),
	('bcd4462c-ff06-4300-b7e7-e72b5e02ce64','2022-06-11T20:00:00+02:00','2022-06-12T03:00:00+02:00','false'),
	('1960e448-3659-4752-b4f2-02bb9ca72264','2022-06-17T20:00:00+02:00','2022-06-18T03:00:00+02:00','false'),
	('2e7ab06a-845f-43a6-82d4-40cc7caba897','2022-06-18T20:00:00+02:00','2022-06-19T03:00:00+02:00','false'),
	('2dd9e195-cc70-4b75-a0a5-27c7ea4cd44f','2022-06-24T18:30:00+02:00','2022-06-24T19:45:00+02:00','false'),
	('c655ab62-c4db-4ac9-ab6b-ddea0a3a0d25','2022-06-24T20:00:00+02:00','2022-06-25T03:00:00+02:00','false'),
	('59b9dc8d-e6e6-4b73-b0d1-2c3a4a78cb55','2022-06-24T20:30:00+02:00','2022-06-24T23:00:00+02:00','false'),
	('d930c43c-023b-42c0-948b-bc093278cda5','2022-06-25T15:00:00+02:00','2022-06-25T19:00:00+02:00','false'),
	('3ee94c1b-a312-48f3-8ca8-95a201841e50','2022-06-25T20:00:00+02:00','2022-06-26T03:00:00+02:00','false'),
	('39770741-6f4a-4937-99d4-4e1638ab9fcb','2022-07-01T20:00:00+02:00','2022-07-02T03:00:00+02:00','false'),
	('0a47527a-d6ce-42a4-882d-219541eb5b46','2022-07-02T20:00:00+02:00','2022-07-03T03:00:00+02:00','false'),
	('4510981c-13ce-499e-88a6-6e54faa3594d','2022-07-08T20:00:00+02:00','2022-07-09T03:00:00+02:00','false'),
	('a8e34c53-258e-4eb2-804a-7d93f7fc30c9','2022-07-09T20:00:00+02:00','2022-07-10T03:00:00+02:00','false'),
	('318a95d6-0c38-42f8-bf64-14e4ed3a0c40','2022-07-15T18:30:00+02:00','2022-07-15T19:45:00+02:00','false'),
	('78dcb5fb-cb5d-4f07-8437-680e205fd0b2','2022-07-15T20:00:00+02:00','2022-07-16T03:00:00+02:00','false'),
	('56f74279-7b9d-41e7-bd29-5c25c76f057e','2022-07-15T20:30:00+02:00','2022-07-15T23:00:00+02:00','false'),
	('4832922d-e233-4bbe-a587-664c3c5d4129','2022-07-16T20:00:00+02:00','2022-07-17T03:00:00+02:00','false'),
	('d374c1f7-4764-4a15-864d-39e2e3eebe75','2022-07-22T20:00:00+02:00','2022-07-23T03:00:00+02:00','false'),
	('9a2913a4-fa90-447b-a890-b7b9a52fc649','2022-07-23T20:00:00+02:00','2022-07-24T03:00:00+02:00','false'),
	('e41bf9d1-47c0-4e0b-97a7-95832e626f76','2022-07-29T20:00:00+02:00','2022-07-30T03:00:00+02:00','false'),
	('b1512726-1d61-4c80-ae9c-f8419e30f4c9','2022-07-30T20:00:00+02:00','2022-07-31T03:00:00+02:00','false'),
	('6bfc0810-a659-461e-a393-783fdd7edc3b','2022-08-05T18:30:00+02:00','2022-08-05T19:45:00+02:00','false'),
	('e57d074a-98d8-4e14-8880-8556ca719410','2022-08-05T20:00:00+02:00','2022-08-06T03:00:00+02:00','false'),
	('eb0fbf18-6ad5-4649-9ac2-8fcd11d455d2','2022-08-05T20:30:00+02:00','2022-08-05T23:00:00+02:00','false'),
	('78d09449-e59f-4c2f-a488-a361ad90767b','2022-08-06T20:00:00+02:00','2022-08-07T03:00:00+02:00','false'),
	('5ede89cd-3cd9-4758-9bfe-80900989fd9f','2022-08-09T19:00:00+02:00','2022-08-09T22:00:00+02:00','false'),
	('c9d61b09-71e0-485c-bfe1-ede1d09970f1','2022-08-12T20:00:00+02:00','2022-08-13T03:00:00+02:00','false'),
	('f2f42044-dcae-4b71-b66b-3e3183cf6f6c','2022-08-13T20:00:00+02:00','2022-08-14T03:00:00+02:00','false'),
	('b6819fcc-ef18-4493-898e-11d97ed26490','2022-08-19T18:30:00+02:00','2022-08-19T19:45:00+02:00','false'),
	('de028e50-dbb1-4688-a781-3ec52a3fc21c','2022-08-19T20:00:00+02:00','2022-08-20T03:00:00+02:00','false'),
	('de053a29-e19d-458c-af36-2e0f82172030','2022-08-19T20:30:00+02:00','2022-08-19T23:00:00+02:00','false'),
	('3427f0ae-66f8-420b-a62d-2915e94381b2','2022-08-20T15:00:00+02:00','2022-08-20T19:00:00+02:00','false'),
	('0b0d0b14-ec7f-4d75-b7c6-ee03c84a563f','2022-08-20T20:00:00+02:00','2022-08-21T03:00:00+02:00','false'),
	('1b888482-7260-4b21-9874-7ac1421e6b33','2022-08-26T20:00:00+02:00','2022-08-27T03:00:00+02:00','false'),
	('07718998-1500-47c1-9292-3768b6be56bd','2022-08-27T20:00:00+02:00','2022-08-28T03:00:00+02:00','false'),
	('b6f26d66-47de-4cc0-846b-6bf26a91342b','2022-09-02T20:00:00+02:00','2022-09-03T03:00:00+02:00','false'),
	('1177ab00-97ef-4b53-b738-938f5a555d8c','2022-09-03T15:00:00+02:00','2022-09-03T19:00:00+02:00','false'),
	('f632f2f2-21f4-4597-a61f-c260c68303b2','2022-09-09T20:00:00+02:00','2022-09-10T03:00:00+02:00','false'),
	('97af8a8a-8efc-4b59-a469-0396022dede6','2022-09-10T20:00:00+02:00','2022-09-11T03:00:00+02:00','false'),
	('d1e2bf58-9bee-41ac-bd6b-b3a2a60c9400','2022-09-13T19:00:00+02:00','2022-09-13T22:00:00+02:00','false'),
	('4b38ae57-7fd8-4f8b-b4f0-1bada5acd73a','2022-09-16T18:30:00+02:00','2022-09-16T19:45:00+02:00','false'),
	('6990c61d-3d3c-4b3b-bcdf-402a4a1cf88b','2022-09-16T20:00:00+02:00','2022-09-17T03:00:00+02:00','false'),
	('5bc7f113-7380-4431-8fe3-634473a7399c','2022-09-16T20:30:00+02:00','2022-09-16T23:00:00+02:00','false'),
	('d6e6e5c0-414b-4ba6-93b2-f5dd5f39f1c7','2022-09-17T20:00:00+02:00','2022-09-18T03:00:00+02:00','false'),
	('0d9016e6-986a-4039-8145-a4e927f87261','2022-09-23T20:00:00+02:00','2022-09-24T03:00:00+02:00','false'),
	('eddc739c-8690-4e28-93a1-45bade123a21','2022-09-24T20:00:00+02:00','2022-09-25T03:00:00+02:00','false'),
	('82494524-8168-4a90-b7f9-66fcd4c46308','2022-09-30T20:00:00+02:00','2022-10-01T03:00:00+02:00','false'),
	('e76487e2-ceb9-44f9-a56c-d2bf8d11caf3','2022-10-01T20:00:00+02:00','2022-10-02T03:00:00+02:00','false'),
	('e5957a84-0725-448e-97a3-63a53b446ed0','2022-10-07T18:30:00+02:00','2022-10-07T19:45:00+02:00','false'),
	('d575ebf0-98e1-4ace-8168-f1d341145887','2022-10-07T20:00:00+02:00','2022-10-08T03:00:00+02:00','false'),
	('7935c4ee-d65a-42d9-9b88-b7982f7b68bd','2022-10-07T20:30:00+02:00','2022-10-07T23:00:00+02:00','false'),
	('a246f44f-b03f-4dc7-af71-35d84fa57218','2022-10-08T15:00:00+02:00','2022-10-08T19:00:00+02:00','false'),
	('400ea9c9-6d26-498f-9fa0-3e065d6d46b3','2022-10-08T20:00:00+02:00','2022-10-09T03:00:00+02:00','false'),
	('0ae8f6e4-2b08-4df7-b7b3-bd1145b2852e','2022-10-14T20:00:00+02:00','2022-10-15T03:00:00+02:00','false'),
	('7b8fd584-ee60-44bc-8eff-a449bdc5b20f','2022-10-15T19:00:00+02:00','2022-10-15T22:00:00+02:00','false'),
	('24130566-5e55-4d51-ad05-911ddd6a11be','2022-10-15T20:00:00+02:00','2022-10-16T03:00:00+02:00','false'),
	('93adfc6a-b284-4d8f-9b20-efe60e8839a3','2022-10-21T20:00:00+02:00','2022-10-22T03:00:00+02:00','false'),
	('7fb07ae7-c4c7-4229-9861-ee3a950ac5a6','2022-10-22T20:00:00+02:00','2022-10-23T03:00:00+02:00','false'),
	('641d3ca3-b843-4d60-80f1-31720d0ea170','2022-10-28T18:30:00+02:00','2022-10-28T19:45:00+02:00','false'),
	('fb65dcb0-78f9-409f-b306-e03a340703cf','2022-10-28T20:00:00+02:00','2022-10-29T03:00:00+02:00','false'),
	('bf88625d-b411-4cb2-882b-04fc6a871612','2022-10-28T20:30:00+02:00','2022-10-28T23:00:00+02:00','false'),
	('f5c79ef3-b133-4029-b820-446ce7bd7850','2022-10-29T15:00:00+02:00','2022-10-29T19:00:00+02:00','false'),
	('b462a92e-4e83-40fb-8e60-376f8531c8f8','2022-11-04T20:00:00+01:00','2022-11-05T03:00:00+01:00','false'),
	('fa2f7de8-5ab9-4030-91f7-d51a0bfd890f','2022-11-05T20:00:00+01:00','2022-11-06T03:00:00+01:00','false'),
	('400e73fd-29c9-4331-9f1d-8f756ddf54c6','2022-11-11T20:00:00+01:00','2022-11-12T03:00:00+01:00','false'),
	('05aa9c51-88b7-4354-9d0e-4a87c54c04f1','2022-11-12T15:00:00+01:00','2022-11-12T19:00:00+01:00','false'),
	('6227b68b-06ad-41e9-9fdb-77bd403a8376','2022-11-12T20:00:00+01:00','2022-11-13T03:00:00+01:00','false'),
	('5e6811bc-5f4d-4d50-81d3-83e43f622270','2022-11-18T18:30:00+01:00','2022-11-18T19:45:00+01:00','false'),
	('13bec0bb-7006-4d9c-9c25-8c7eeaecd8a7','2022-11-18T20:00:00+01:00','2022-11-19T03:00:00+01:00','false'),
	('13499295-798d-41c8-b212-9c85c23d7628','2022-11-18T20:30:00+01:00','2022-11-18T23:00:00+01:00','false'),
	('69682ecf-c06c-46f8-a5cf-6c32fcbac00c','2022-11-19T20:00:00+01:00','2022-11-20T03:00:00+01:00','false'),
	('08a3c004-8716-4ef2-aa4a-91c02194214d','2022-11-22T19:00:00+01:00','2022-11-22T22:00:00+01:00','false'),
	('3bf04acc-9f95-4fc4-a80a-528c77351a35','2022-11-25T20:00:00+01:00','2022-11-26T03:00:00+01:00','false'),
	('8c859ae5-9d05-4316-8c7f-96b25255a6ad','2022-11-26T20:00:00+01:00','2022-11-27T03:00:00+01:00','false'),
	('d78c1713-bd55-4990-932b-fb1230a68e22','2022-12-02T20:00:00+01:00','2022-12-03T03:00:00+01:00','false'),
	('24d4a109-e0df-4f20-9eb0-36bc2af9918a','2022-12-03T20:00:00+01:00','2022-12-04T03:00:00+01:00','false'),
	('bc3325ca-fefb-4282-8fe3-6fbbefb85769','2022-12-09T18:30:00+01:00','2022-12-09T19:45:00+01:00','false'),
	('4b67b8f1-8cf2-4110-94fc-257e0aa91bec','2022-12-09T20:00:00+01:00','2022-12-10T03:00:00+01:00','false'),
	('ea4b7d8b-4637-49a5-94b5-bdd7063888d5','2022-12-09T20:30:00+01:00','2022-12-09T23:00:00+01:00','false'),
	('fdcd04f5-7bf5-4d80-9e72-a8333b16751e','2022-12-10T20:00:00+01:00','2022-12-11T03:00:00+01:00','false'),
	('a24e5c3f-c54c-43d8-994c-33eae8310684','2022-12-13T19:00:00+01:00','2022-12-13T22:00:00+01:00','false'),
	('86a7d20a-bddd-47be-86c5-c64996dd9f34','2022-12-16T20:00:00+01:00','2022-12-17T03:00:00+01:00','false'),
	('d771ce0a-c6d0-40d0-a323-fa81b5c5ec2e','2022-12-17T20:00:00+01:00','2022-12-18T03:00:00+01:00','false'),
	('5c582d1a-f521-4a98-a8d8-cc7a5f2eda03','2022-12-23T20:00:00+01:00','2022-12-24T03:00:00+01:00','false'),
	('c826d502-e201-4f1d-93cb-71b54416e884','2022-12-30T20:00:00+01:00','2022-12-31T03:00:00+01:00','false');

INSERT INTO smil_aarhus.event_tr ("event_id", "language_code", "title", "description") VALUES
	('c7488d83-a5fb-43fb-b9ca-f2c19a3b0f57','EN','Information night',''),
	('c7488d83-a5fb-43fb-b9ca-f2c19a3b0f57','DA','Informationsaften',''),
	('0112cf83-327b-4dc6-b1de-3157b7f6b74e','EN','Members Night',''),
	('0112cf83-327b-4dc6-b1de-3157b7f6b74e','DA','Medlemsaften',''),
	('031878a2-c517-43fa-9e6e-91325aef200e','EN','New to SMil',''),
	('031878a2-c517-43fa-9e6e-91325aef200e','DA','Ny i SMil',''),
	('74c7b2fb-320f-4edc-81d2-5ab51932b785','EN','Kink Academey - Humiliation',''),
	('74c7b2fb-320f-4edc-81d2-5ab51932b785','DA','Kink Academey - Ydmygelse',''),
	('27d61743-5072-4d1e-a882-e8e3b4bf5de3','EN','Peer Rope - Beginners',''),
	('27d61743-5072-4d1e-a882-e8e3b4bf5de3','DA','Peer Rope - Begyndere',''),
	('827dad40-52d0-4aef-a028-6ffebfb94856','EN','Members Night',''),
	('827dad40-52d0-4aef-a028-6ffebfb94856','DA','Medlemsaften',''),
	('00d6d50f-b825-4ee7-9ca1-f75ba87ed8e3','EN','Regular Kink Youth Night',''),
	('00d6d50f-b825-4ee7-9ca1-f75ba87ed8e3','DA','Normal Kink Youth Aften',''),
	('68b444ea-0434-47a1-a518-b6504fa85d6d','EN','Peer Whip',''),
	('68b444ea-0434-47a1-a518-b6504fa85d6d','DA','Peer Whip',''),
	('94ad1ad8-cdd6-42c1-a94e-731be909ca9c','EN','Queer Playnight',''),
	('94ad1ad8-cdd6-42c1-a94e-731be909ca9c','DA','Queer Legeaften',''),
	('ec41b1ac-e93d-4995-b68d-7c6cd6d2d218','EN','Members Night',''),
	('ec41b1ac-e93d-4995-b68d-7c6cd6d2d218','DA','Medlemsaften',''),
	('f570dd39-3cff-445d-bbcc-ebb5773b26eb','EN','Members Night',''),
	('f570dd39-3cff-445d-bbcc-ebb5773b26eb','DA','Medlemsaften',''),
	('b9131e43-30ef-4f5a-becb-3ef204563800','EN','Peer Rope - Beginners',''),
	('b9131e43-30ef-4f5a-becb-3ef204563800','DA','Peer Rope - Begyndere',''),
	('2b176d67-f36e-4f0f-8546-51cf8bc587de','EN','Information night',''),
	('2b176d67-f36e-4f0f-8546-51cf8bc587de','DA','Informationsaften',''),
	('9dab0df3-dc64-4389-b43e-ea0a705224b1','EN','Members Night',''),
	('9dab0df3-dc64-4389-b43e-ea0a705224b1','DA','Medlemsaften',''),
	('6f93f1e4-4e18-43b3-a50d-7f446b44ff96','EN','New to SMil',''),
	('6f93f1e4-4e18-43b3-a50d-7f446b44ff96','DA','Ny i SMil',''),
	('57b478e4-bfb2-4e1d-95e5-c1917842c954','EN','Members Night',''),
	('57b478e4-bfb2-4e1d-95e5-c1917842c954','DA','Medlemsaften',''),
	('1e6b8d9a-5ac3-4efe-b586-7f8e0688bb5a','EN','Members Night',''),
	('1e6b8d9a-5ac3-4efe-b586-7f8e0688bb5a','DA','Medlemsaften',''),
	('72b95c2a-3b7f-4b2a-b5f3-8b56e700460a','EN','Members Night',''),
	('72b95c2a-3b7f-4b2a-b5f3-8b56e700460a','DA','Medlemsaften',''),
	('fb6bc28e-cd29-4999-a456-8c1eedbb6ab3','EN','Members Night',''),
	('fb6bc28e-cd29-4999-a456-8c1eedbb6ab3','DA','Medlemsaften',''),
	('80e60200-794c-4269-a732-1646a4aa931d','EN','Poly-relationships',''),
	('80e60200-794c-4269-a732-1646a4aa931d','DA','Poly-forhold',''),
	('ef2f8887-5739-40ac-9d8d-f6c5e8a2c4f8','EN','Members- and Guest night',''),
	('ef2f8887-5739-40ac-9d8d-f6c5e8a2c4f8','DA','Medlems- og Gæsteaften',''),
	('24f4cbfa-f6d2-4cfc-97a2-93f256f4a9d2','EN','Queer Playnight',''),
	('24f4cbfa-f6d2-4cfc-97a2-93f256f4a9d2','DA','Queer Legeaften',''),
	('2594fd19-03bb-4285-ac0d-cce20d9d0bed','EN','Information night',''),
	('2594fd19-03bb-4285-ac0d-cce20d9d0bed','DA','Informationsaften',''),
	('3b51c737-a55e-4c65-a9cc-c8b8d2bc776e','EN','Members Night',''),
	('3b51c737-a55e-4c65-a9cc-c8b8d2bc776e','DA','Medlemsaften',''),
	('137dd9e0-d2d0-46a5-9472-3b012047343b','EN','New to SMil',''),
	('137dd9e0-d2d0-46a5-9472-3b012047343b','DA','Ny i SMil',''),
	('00973fa3-4695-43d3-b260-abb4ee2f477a','EN','Regular Kink Youth Night',''),
	('00973fa3-4695-43d3-b260-abb4ee2f477a','DA','Normal Kink Youth Aften',''),
	('efad7c0d-dc9a-4ea2-89da-5f32e7a92948','EN','Members Night',''),
	('efad7c0d-dc9a-4ea2-89da-5f32e7a92948','DA','Medlemsaften',''),
	('37a1fe97-545a-435f-92f1-88344f2ebde7','EN','Domini Noctis',''),
	('37a1fe97-545a-435f-92f1-88344f2ebde7','DA','Domini Noctis',''),
	('60925d19-a39f-4770-bb17-082485341d82','EN','Members Night',''),
	('60925d19-a39f-4770-bb17-082485341d82','DA','Medlemsaften',''),
	('4e7af6be-f1c3-45d9-9662-7054cc38f822','EN','Peer Whip',''),
	('4e7af6be-f1c3-45d9-9662-7054cc38f822','DA','Peer Whip',''),
	('95f59099-1a15-4b56-bfba-6b65d7fa8ff4','EN','Kink Academy - Kink and psycology',''),
	('95f59099-1a15-4b56-bfba-6b65d7fa8ff4','DA','Kink Academy - Kink og psykologi',''),
	('1c5d0190-a4c2-4438-85a0-9f5b9d891ffe','EN','Information night',''),
	('1c5d0190-a4c2-4438-85a0-9f5b9d891ffe','DA','Informationsaften',''),
	('9e59f5f2-6e6a-4ce9-adc2-d452f3de6636','EN','Members Night',''),
	('9e59f5f2-6e6a-4ce9-adc2-d452f3de6636','DA','Medlemsaften',''),
	('82b5afac-73c8-4a41-b0e4-54b92176541d','EN','New to SMil',''),
	('82b5afac-73c8-4a41-b0e4-54b92176541d','DA','Ny i SMil',''),
	('14cf80a1-f5a3-47ab-9bdd-e4b74b0ea71c','EN','Kink Youth Spring/Easter Party',''),
	('14cf80a1-f5a3-47ab-9bdd-e4b74b0ea71c','DA','Kink Youth Forår-/påskefest',''),
	('0c4a35b6-a66e-457f-8ac2-c4299210a853','EN','Members Night',''),
	('0c4a35b6-a66e-457f-8ac2-c4299210a853','DA','Medlemsaften',''),
	('b4b9a1da-e7af-46be-a613-d94b96ce497c','EN','Domini Noctis',''),
	('b4b9a1da-e7af-46be-a613-d94b96ce497c','DA','Domini Noctis',''),
	('baf22540-b75e-4a3e-8316-7b9b6b2424eb','EN','Members Night',''),
	('baf22540-b75e-4a3e-8316-7b9b6b2424eb','DA','Medlemsaften',''),
	('654bbeef-b441-422d-b951-1373c1f4bff3','EN','Queer Playnight',''),
	('654bbeef-b441-422d-b951-1373c1f4bff3','DA','Queer Legeaften',''),
	('cc1a80bc-9da5-4c51-a35c-8a86d48d137c','EN','Members Night',''),
	('cc1a80bc-9da5-4c51-a35c-8a86d48d137c','DA','Medlemsaften',''),
	('8b010b08-44a3-4208-9fef-5024df22e672','EN','Members Night',''),
	('8b010b08-44a3-4208-9fef-5024df22e672','DA','Medlemsaften',''),
	('2f744045-78ea-4fba-867d-c126f743f422','EN','Information night',''),
	('2f744045-78ea-4fba-867d-c126f743f422','DA','Informationsaften',''),
	('fb1d5f98-922f-47ee-bd25-1db324ddcdb4','EN','Members Night',''),
	('fb1d5f98-922f-47ee-bd25-1db324ddcdb4','DA','Medlemsaften',''),
	('60d955aa-2f8f-48e2-b0e2-e26537e25a7f','EN','New to SMil',''),
	('60d955aa-2f8f-48e2-b0e2-e26537e25a7f','DA','Ny i SMil',''),
	('488064f6-8b69-47df-8f3f-86692cba41c2','EN','Members Night',''),
	('488064f6-8b69-47df-8f3f-86692cba41c2','DA','Medlemsaften',''),
	('a6f38473-cffd-483d-ba20-f09324a43eea','EN','Peer Whip',''),
	('a6f38473-cffd-483d-ba20-f09324a43eea','DA','Peer Whip',''),
	('5f3c32a7-ef41-40c6-aac4-1ee11fe57a69','EN','Members Night',''),
	('5f3c32a7-ef41-40c6-aac4-1ee11fe57a69','DA','Medlemsaften',''),
	('354aa96c-e24d-4302-b5f7-35e6f9c1c6a9','EN','Domini Noctis',''),
	('354aa96c-e24d-4302-b5f7-35e6f9c1c6a9','DA','Domini Noctis',''),
	('24eabf0b-6d23-411e-84f7-e586359d0fbb','EN','Members Night',''),
	('24eabf0b-6d23-411e-84f7-e586359d0fbb','DA','Medlemsaften',''),
	('0d27610d-c8c6-4e56-985b-291dd493884d','EN','Regular Kink Youth Night',''),
	('0d27610d-c8c6-4e56-985b-291dd493884d','DA','Normal Kink Youth Aften',''),
	('fb4cd67b-b5fc-4cda-81ae-42d34d047f5e','EN','Queer Playnight',''),
	('fb4cd67b-b5fc-4cda-81ae-42d34d047f5e','DA','Queer Legeaften',''),
	('37e8af72-a3cb-437d-86e5-eb1e7cf66f43','EN','Information night',''),
	('37e8af72-a3cb-437d-86e5-eb1e7cf66f43','DA','Informationsaften',''),
	('9065701e-ecb3-425d-bfe3-09a78983c108','EN','Members Night',''),
	('9065701e-ecb3-425d-bfe3-09a78983c108','DA','Medlemsaften',''),
	('811764bf-e737-42a3-91a7-592ad35c6535','EN','New to SMil',''),
	('811764bf-e737-42a3-91a7-592ad35c6535','DA','Ny i SMil',''),
	('c9fb4880-f2c7-473a-ada9-5bcd607b50e3','EN','Members Night',''),
	('c9fb4880-f2c7-473a-ada9-5bcd607b50e3','DA','Medlemsaften',''),
	('3d1ce582-98e0-4a06-b869-32237e8f3bfa','EN','Members Night',''),
	('3d1ce582-98e0-4a06-b869-32237e8f3bfa','DA','Medlemsaften',''),
	('b0b7b71f-bfdf-4834-bb4b-8de2b71b868b','EN','Domini Noctis',''),
	('b0b7b71f-bfdf-4834-bb4b-8de2b71b868b','DA','Domini Noctis',''),
	('31edf207-8e18-4847-a36e-cb88818e01b9','EN','Members Night',''),
	('31edf207-8e18-4847-a36e-cb88818e01b9','DA','Medlemsaften',''),
	('725a5b01-518d-440c-b601-44ba36d8f612','EN','Peer Whip',''),
	('725a5b01-518d-440c-b601-44ba36d8f612','DA','Peer Whip',''),
	('0d656db0-0922-453f-913f-25d9c137927f','EN','Members Night',''),
	('0d656db0-0922-453f-913f-25d9c137927f','DA','Medlemsaften',''),
	('bc6c6f3b-b9d9-4731-a494-a76b1bd96d6a','EN','Aarhus Pride',''),
	('bc6c6f3b-b9d9-4731-a494-a76b1bd96d6a','DA','Aarhus Pride',''),
	('13bd6869-e61d-4937-992e-ec29b06528e0','EN','Aarhus Pride - Open House',''),
	('13bd6869-e61d-4937-992e-ec29b06528e0','DA','Aarhus Pride - Åbent Hus',''),
	('8e948e50-7545-47f6-8cde-02714f34bf78','EN','Members Night',''),
	('8e948e50-7545-47f6-8cde-02714f34bf78','DA','Medlemsaften',''),
	('248c9ed3-4502-46d4-9fbf-d4563710eca3','EN','Information night',''),
	('248c9ed3-4502-46d4-9fbf-d4563710eca3','DA','Informationsaften',''),
	('a66300a0-55f1-4fed-8a04-d4c0927d7d17','EN','Members Night',''),
	('a66300a0-55f1-4fed-8a04-d4c0927d7d17','DA','Medlemsaften',''),
	('a1c8f016-4f13-4292-9b22-30302bca9741','EN','New to SMil',''),
	('a1c8f016-4f13-4292-9b22-30302bca9741','DA','Ny i SMil',''),
	('34e45762-9c90-40a0-82b9-a4498c845d8c','EN','Members Night',''),
	('34e45762-9c90-40a0-82b9-a4498c845d8c','DA','Medlemsaften',''),
	('6e433cf8-7e3e-4614-b4c9-14059ef3fe74','EN','Members Night',''),
	('6e433cf8-7e3e-4614-b4c9-14059ef3fe74','DA','Medlemsaften',''),
	('bcd4462c-ff06-4300-b7e7-e72b5e02ce64','EN','Regular Kink Youth Night',''),
	('bcd4462c-ff06-4300-b7e7-e72b5e02ce64','DA','Normal Kink Youth Aften',''),
	('1960e448-3659-4752-b4f2-02bb9ca72264','EN','Members Night',''),
	('1960e448-3659-4752-b4f2-02bb9ca72264','DA','Medlemsaften',''),
	('2e7ab06a-845f-43a6-82d4-40cc7caba897','EN','Members Night',''),
	('2e7ab06a-845f-43a6-82d4-40cc7caba897','DA','Medlemsaften',''),
	('2dd9e195-cc70-4b75-a0a5-27c7ea4cd44f','EN','Information night',''),
	('2dd9e195-cc70-4b75-a0a5-27c7ea4cd44f','DA','Informationsaften',''),
	('c655ab62-c4db-4ac9-ab6b-ddea0a3a0d25','EN','Members Night',''),
	('c655ab62-c4db-4ac9-ab6b-ddea0a3a0d25','DA','Medlemsaften',''),
	('59b9dc8d-e6e6-4b73-b0d1-2c3a4a78cb55','EN','New to SMil',''),
	('59b9dc8d-e6e6-4b73-b0d1-2c3a4a78cb55','DA','Ny i SMil',''),
	('d930c43c-023b-42c0-948b-bc093278cda5','EN','Peer Whip',''),
	('d930c43c-023b-42c0-948b-bc093278cda5','DA','Peer Whip',''),
	('3ee94c1b-a312-48f3-8ca8-95a201841e50','EN','Members Night',''),
	('3ee94c1b-a312-48f3-8ca8-95a201841e50','DA','Medlemsaften',''),
	('39770741-6f4a-4937-99d4-4e1638ab9fcb','EN','Members Night',''),
	('39770741-6f4a-4937-99d4-4e1638ab9fcb','DA','Medlemsaften',''),
	('0a47527a-d6ce-42a4-882d-219541eb5b46','EN','Regular Kink Youth Night',''),
	('0a47527a-d6ce-42a4-882d-219541eb5b46','DA','Normal Kink Youth Aften',''),
	('4510981c-13ce-499e-88a6-6e54faa3594d','EN','Members Night',''),
	('4510981c-13ce-499e-88a6-6e54faa3594d','DA','Medlemsaften',''),
	('a8e34c53-258e-4eb2-804a-7d93f7fc30c9','EN','Members Night',''),
	('a8e34c53-258e-4eb2-804a-7d93f7fc30c9','DA','Medlemsaften',''),
	('318a95d6-0c38-42f8-bf64-14e4ed3a0c40','EN','Information night',''),
	('318a95d6-0c38-42f8-bf64-14e4ed3a0c40','DA','Informationsaften',''),
	('78dcb5fb-cb5d-4f07-8437-680e205fd0b2','EN','Members Night',''),
	('78dcb5fb-cb5d-4f07-8437-680e205fd0b2','DA','Medlemsaften',''),
	('56f74279-7b9d-41e7-bd29-5c25c76f057e','EN','New to SMil',''),
	('56f74279-7b9d-41e7-bd29-5c25c76f057e','DA','Ny i SMil',''),
	('4832922d-e233-4bbe-a587-664c3c5d4129','EN','Members Night',''),
	('4832922d-e233-4bbe-a587-664c3c5d4129','DA','Medlemsaften',''),
	('d374c1f7-4764-4a15-864d-39e2e3eebe75','EN','Members Night',''),
	('d374c1f7-4764-4a15-864d-39e2e3eebe75','DA','Medlemsaften',''),
	('9a2913a4-fa90-447b-a890-b7b9a52fc649','EN','Members Night',''),
	('9a2913a4-fa90-447b-a890-b7b9a52fc649','DA','Medlemsaften',''),
	('e41bf9d1-47c0-4e0b-97a7-95832e626f76','EN','Members Night',''),
	('e41bf9d1-47c0-4e0b-97a7-95832e626f76','DA','Medlemsaften',''),
	('b1512726-1d61-4c80-ae9c-f8419e30f4c9','EN','Members Night',''),
	('b1512726-1d61-4c80-ae9c-f8419e30f4c9','DA','Medlemsaften',''),
	('6bfc0810-a659-461e-a393-783fdd7edc3b','EN','Information night',''),
	('6bfc0810-a659-461e-a393-783fdd7edc3b','DA','Informationsaften',''),
	('e57d074a-98d8-4e14-8880-8556ca719410','EN','Members Night',''),
	('e57d074a-98d8-4e14-8880-8556ca719410','DA','Medlemsaften',''),
	('eb0fbf18-6ad5-4649-9ac2-8fcd11d455d2','EN','New to SMil',''),
	('eb0fbf18-6ad5-4649-9ac2-8fcd11d455d2','DA','Ny i SMil',''),
	('78d09449-e59f-4c2f-a488-a361ad90767b','EN','Kink Youth Late Summer Party',''),
	('78d09449-e59f-4c2f-a488-a361ad90767b','DA','Kink Youth Sensommer Party',''),
	('5ede89cd-3cd9-4758-9bfe-80900989fd9f','EN','Peer Whip',''),
	('5ede89cd-3cd9-4758-9bfe-80900989fd9f','DA','Peer Whip',''),
	('c9d61b09-71e0-485c-bfe1-ede1d09970f1','EN','Members Night',''),
	('c9d61b09-71e0-485c-bfe1-ede1d09970f1','DA','Medlemsaften',''),
	('f2f42044-dcae-4b71-b66b-3e3183cf6f6c','EN','Members Night',''),
	('f2f42044-dcae-4b71-b66b-3e3183cf6f6c','DA','Medlemsaften',''),
	('b6819fcc-ef18-4493-898e-11d97ed26490','EN','Information night',''),
	('b6819fcc-ef18-4493-898e-11d97ed26490','DA','Informationsaften',''),
	('de028e50-dbb1-4688-a781-3ec52a3fc21c','EN','Members Night',''),
	('de028e50-dbb1-4688-a781-3ec52a3fc21c','DA','Medlemsaften',''),
	('de053a29-e19d-458c-af36-2e0f82172030','EN','New to SMil',''),
	('de053a29-e19d-458c-af36-2e0f82172030','DA','Ny i SMil',''),
	('3427f0ae-66f8-420b-a62d-2915e94381b2','EN','Domini Noctis',''),
	('3427f0ae-66f8-420b-a62d-2915e94381b2','DA','Domini Noctis',''),
	('0b0d0b14-ec7f-4d75-b7c6-ee03c84a563f','EN','Members Night',''),
	('0b0d0b14-ec7f-4d75-b7c6-ee03c84a563f','DA','Medlemsaften',''),
	('1b888482-7260-4b21-9874-7ac1421e6b33','EN','Members Night',''),
	('1b888482-7260-4b21-9874-7ac1421e6b33','DA','Medlemsaften',''),
	('07718998-1500-47c1-9292-3768b6be56bd','EN','Members Night',''),
	('07718998-1500-47c1-9292-3768b6be56bd','DA','Medlemsaften',''),
	('b6f26d66-47de-4cc0-846b-6bf26a91342b','EN','Members Night',''),
	('b6f26d66-47de-4cc0-846b-6bf26a91342b','DA','Medlemsaften',''),
	('1177ab00-97ef-4b53-b738-938f5a555d8c','EN','Domini Noctis',''),
	('1177ab00-97ef-4b53-b738-938f5a555d8c','DA','Domini Noctis',''),
	('f632f2f2-21f4-4597-a61f-c260c68303b2','EN','Members Night',''),
	('f632f2f2-21f4-4597-a61f-c260c68303b2','DA','Medlemsaften',''),
	('97af8a8a-8efc-4b59-a469-0396022dede6','EN','Regular Kink Youth Night',''),
	('97af8a8a-8efc-4b59-a469-0396022dede6','DA','Normal Kink Youth Aften',''),
	('d1e2bf58-9bee-41ac-bd6b-b3a2a60c9400','EN','Peer Whip',''),
	('d1e2bf58-9bee-41ac-bd6b-b3a2a60c9400','DA','Peer Whip',''),
	('4b38ae57-7fd8-4f8b-b4f0-1bada5acd73a','EN','Information night',''),
	('4b38ae57-7fd8-4f8b-b4f0-1bada5acd73a','DA','Informationsaften',''),
	('6990c61d-3d3c-4b3b-bcdf-402a4a1cf88b','EN','Members Night',''),
	('6990c61d-3d3c-4b3b-bcdf-402a4a1cf88b','DA','Medlemsaften',''),
	('5bc7f113-7380-4431-8fe3-634473a7399c','EN','New to SMil',''),
	('5bc7f113-7380-4431-8fe3-634473a7399c','DA','Ny i SMil',''),
	('d6e6e5c0-414b-4ba6-93b2-f5dd5f39f1c7','EN','Members Night',''),
	('d6e6e5c0-414b-4ba6-93b2-f5dd5f39f1c7','DA','Medlemsaften',''),
	('0d9016e6-986a-4039-8145-a4e927f87261','EN','Members Night',''),
	('0d9016e6-986a-4039-8145-a4e927f87261','DA','Medlemsaften',''),
	('eddc739c-8690-4e28-93a1-45bade123a21','EN','Members Night',''),
	('eddc739c-8690-4e28-93a1-45bade123a21','DA','Medlemsaften',''),
	('82494524-8168-4a90-b7f9-66fcd4c46308','EN','Members Night',''),
	('82494524-8168-4a90-b7f9-66fcd4c46308','DA','Medlemsaften',''),
	('e76487e2-ceb9-44f9-a56c-d2bf8d11caf3','EN','Regular Kink Youth Night',''),
	('e76487e2-ceb9-44f9-a56c-d2bf8d11caf3','DA','Normal Kink Youth Aften',''),
	('e5957a84-0725-448e-97a3-63a53b446ed0','EN','Information night',''),
	('e5957a84-0725-448e-97a3-63a53b446ed0','DA','Informationsaften',''),
	('d575ebf0-98e1-4ace-8168-f1d341145887','EN','Members Night',''),
	('d575ebf0-98e1-4ace-8168-f1d341145887','DA','Medlemsaften',''),
	('7935c4ee-d65a-42d9-9b88-b7982f7b68bd','EN','New to SMil',''),
	('7935c4ee-d65a-42d9-9b88-b7982f7b68bd','DA','Ny i SMil',''),
	('a246f44f-b03f-4dc7-af71-35d84fa57218','EN','Poly-relationships',''),
	('a246f44f-b03f-4dc7-af71-35d84fa57218','DA','Poly-forhold',''),
	('400ea9c9-6d26-498f-9fa0-3e065d6d46b3','EN','Members Night',''),
	('400ea9c9-6d26-498f-9fa0-3e065d6d46b3','DA','Medlemsaften',''),
	('0ae8f6e4-2b08-4df7-b7b3-bd1145b2852e','EN','Members Night',''),
	('0ae8f6e4-2b08-4df7-b7b3-bd1145b2852e','DA','Medlemsaften',''),
	('7b8fd584-ee60-44bc-8eff-a449bdc5b20f','EN','Peer Whip',''),
	('7b8fd584-ee60-44bc-8eff-a449bdc5b20f','DA','Peer Whip',''),
	('24130566-5e55-4d51-ad05-911ddd6a11be','EN','Members Night',''),
	('24130566-5e55-4d51-ad05-911ddd6a11be','DA','Medlemsaften',''),
	('93adfc6a-b284-4d8f-9b20-efe60e8839a3','EN','Members Night',''),
	('93adfc6a-b284-4d8f-9b20-efe60e8839a3','DA','Medlemsaften',''),
	('7fb07ae7-c4c7-4229-9861-ee3a950ac5a6','EN','Members Night',''),
	('7fb07ae7-c4c7-4229-9861-ee3a950ac5a6','DA','Medlemsaften',''),
	('641d3ca3-b843-4d60-80f1-31720d0ea170','EN','Information night',''),
	('641d3ca3-b843-4d60-80f1-31720d0ea170','DA','Informationsaften',''),
	('fb65dcb0-78f9-409f-b306-e03a340703cf','EN','Members Night',''),
	('fb65dcb0-78f9-409f-b306-e03a340703cf','DA','Medlemsaften',''),
	('bf88625d-b411-4cb2-882b-04fc6a871612','EN','New to SMil',''),
	('bf88625d-b411-4cb2-882b-04fc6a871612','DA','Ny i SMil',''),
	('f5c79ef3-b133-4029-b820-446ce7bd7850','EN','Domini Noctis',''),
	('f5c79ef3-b133-4029-b820-446ce7bd7850','DA','Domini Noctis',''),
	('b462a92e-4e83-40fb-8e60-376f8531c8f8','EN','Members Night',''),
	('b462a92e-4e83-40fb-8e60-376f8531c8f8','DA','Medlemsaften',''),
	('fa2f7de8-5ab9-4030-91f7-d51a0bfd890f','EN','Kink Youth Halloween Party',''),
	('fa2f7de8-5ab9-4030-91f7-d51a0bfd890f','DA','Kink Youth Halloweenfest',''),
	('400e73fd-29c9-4331-9f1d-8f756ddf54c6','EN','Members Night',''),
	('400e73fd-29c9-4331-9f1d-8f756ddf54c6','DA','Medlemsaften',''),
	('05aa9c51-88b7-4354-9d0e-4a87c54c04f1','EN','Domini Noctis',''),
	('05aa9c51-88b7-4354-9d0e-4a87c54c04f1','DA','Domini Noctis',''),
	('6227b68b-06ad-41e9-9fdb-77bd403a8376','EN','Members Night',''),
	('6227b68b-06ad-41e9-9fdb-77bd403a8376','DA','Medlemsaften',''),
	('5e6811bc-5f4d-4d50-81d3-83e43f622270','EN','Information night',''),
	('5e6811bc-5f4d-4d50-81d3-83e43f622270','DA','Informationsaften',''),
	('13bec0bb-7006-4d9c-9c25-8c7eeaecd8a7','EN','Members Night',''),
	('13bec0bb-7006-4d9c-9c25-8c7eeaecd8a7','DA','Medlemsaften',''),
	('13499295-798d-41c8-b212-9c85c23d7628','EN','New to SMil',''),
	('13499295-798d-41c8-b212-9c85c23d7628','DA','Ny i SMil',''),
	('69682ecf-c06c-46f8-a5cf-6c32fcbac00c','EN','Members Night',''),
	('69682ecf-c06c-46f8-a5cf-6c32fcbac00c','DA','Medlemsaften',''),
	('08a3c004-8716-4ef2-aa4a-91c02194214d','EN','Peer Whip',''),
	('08a3c004-8716-4ef2-aa4a-91c02194214d','DA','Peer Whip',''),
	('3bf04acc-9f95-4fc4-a80a-528c77351a35','EN','Members Night',''),
	('3bf04acc-9f95-4fc4-a80a-528c77351a35','DA','Medlemsaften',''),
	('8c859ae5-9d05-4316-8c7f-96b25255a6ad','EN','Members Night',''),
	('8c859ae5-9d05-4316-8c7f-96b25255a6ad','DA','Medlemsaften',''),
	('d78c1713-bd55-4990-932b-fb1230a68e22','EN','Members Night',''),
	('d78c1713-bd55-4990-932b-fb1230a68e22','DA','Medlemsaften',''),
	('24d4a109-e0df-4f20-9eb0-36bc2af9918a','EN','Members Night',''),
	('24d4a109-e0df-4f20-9eb0-36bc2af9918a','DA','Medlemsaften',''),
	('bc3325ca-fefb-4282-8fe3-6fbbefb85769','EN','Information night',''),
	('bc3325ca-fefb-4282-8fe3-6fbbefb85769','DA','Informationsaften',''),
	('4b67b8f1-8cf2-4110-94fc-257e0aa91bec','EN','Members Night',''),
	('4b67b8f1-8cf2-4110-94fc-257e0aa91bec','DA','Medlemsaften',''),
	('ea4b7d8b-4637-49a5-94b5-bdd7063888d5','EN','New to SMil',''),
	('ea4b7d8b-4637-49a5-94b5-bdd7063888d5','DA','Ny i SMil',''),
	('fdcd04f5-7bf5-4d80-9e72-a8333b16751e','EN','Regular Kink Youth Night',''),
	('fdcd04f5-7bf5-4d80-9e72-a8333b16751e','DA','Normal Kink Youth Aften',''),
	('a24e5c3f-c54c-43d8-994c-33eae8310684','EN','Peer Whip',''),
	('a24e5c3f-c54c-43d8-994c-33eae8310684','DA','Peer Whip',''),
	('86a7d20a-bddd-47be-86c5-c64996dd9f34','EN','Members Night',''),
	('86a7d20a-bddd-47be-86c5-c64996dd9f34','DA','Medlemsaften',''),
	('d771ce0a-c6d0-40d0-a323-fa81b5c5ec2e','EN','Members Night',''),
	('d771ce0a-c6d0-40d0-a323-fa81b5c5ec2e','DA','Medlemsaften',''),
	('5c582d1a-f521-4a98-a8d8-cc7a5f2eda03','EN','Members Night',''),
	('5c582d1a-f521-4a98-a8d8-cc7a5f2eda03','DA','Medlemsaften',''),
	('c826d502-e201-4f1d-93cb-71b54416e884','EN','Members Night',''),
	('c826d502-e201-4f1d-93cb-71b54416e884','DA','Medlemsaften','');

INSERT INTO smil_aarhus.event_via_group ("event_id", "group_id") VALUES
	('74c7b2fb-320f-4edc-81d2-5ab51932b785','fb6589b3-0825-4ab7-bc3f-e9e7188dced1'),
	('27d61743-5072-4d1e-a882-e8e3b4bf5de3','f2d8aeaa-2750-4fb5-b505-65ee349087c7'),
	('00d6d50f-b825-4ee7-9ca1-f75ba87ed8e3','b6b2897c-d855-4298-b368-472112246227'),
	('68b444ea-0434-47a1-a518-b6504fa85d6d','47ff772e-b4af-4a23-8865-e3f7f5f5bc6a'),
	('94ad1ad8-cdd6-42c1-a94e-731be909ca9c','03f86eb0-2e3c-4906-b5c8-0dc0d0258ecc'),
	('b9131e43-30ef-4f5a-becb-3ef204563800','f2d8aeaa-2750-4fb5-b505-65ee349087c7'),
	('80e60200-794c-4269-a732-1646a4aa931d','c98e9c2b-dd00-4413-bd61-77a52ddefb32'),
	('24f4cbfa-f6d2-4cfc-97a2-93f256f4a9d2','03f86eb0-2e3c-4906-b5c8-0dc0d0258ecc'),
	('00973fa3-4695-43d3-b260-abb4ee2f477a','b6b2897c-d855-4298-b368-472112246227'),
	('37a1fe97-545a-435f-92f1-88344f2ebde7','fddd1243-6f60-4b72-9ad6-9f3884b91efd'),
	('4e7af6be-f1c3-45d9-9662-7054cc38f822','47ff772e-b4af-4a23-8865-e3f7f5f5bc6a'),
	('95f59099-1a15-4b56-bfba-6b65d7fa8ff4','fb6589b3-0825-4ab7-bc3f-e9e7188dced1'),
	('14cf80a1-f5a3-47ab-9bdd-e4b74b0ea71c','b6b2897c-d855-4298-b368-472112246227'),
	('b4b9a1da-e7af-46be-a613-d94b96ce497c','fddd1243-6f60-4b72-9ad6-9f3884b91efd'),
	('654bbeef-b441-422d-b951-1373c1f4bff3','03f86eb0-2e3c-4906-b5c8-0dc0d0258ecc'),
	('a6f38473-cffd-483d-ba20-f09324a43eea','47ff772e-b4af-4a23-8865-e3f7f5f5bc6a'),
	('354aa96c-e24d-4302-b5f7-35e6f9c1c6a9','fddd1243-6f60-4b72-9ad6-9f3884b91efd'),
	('0d27610d-c8c6-4e56-985b-291dd493884d','b6b2897c-d855-4298-b368-472112246227'),
	('fb4cd67b-b5fc-4cda-81ae-42d34d047f5e','03f86eb0-2e3c-4906-b5c8-0dc0d0258ecc'),
	('b0b7b71f-bfdf-4834-bb4b-8de2b71b868b','fddd1243-6f60-4b72-9ad6-9f3884b91efd'),
	('725a5b01-518d-440c-b601-44ba36d8f612','47ff772e-b4af-4a23-8865-e3f7f5f5bc6a'),
	('bcd4462c-ff06-4300-b7e7-e72b5e02ce64','b6b2897c-d855-4298-b368-472112246227'),
	('d930c43c-023b-42c0-948b-bc093278cda5','47ff772e-b4af-4a23-8865-e3f7f5f5bc6a'),
	('0a47527a-d6ce-42a4-882d-219541eb5b46','b6b2897c-d855-4298-b368-472112246227'),
	('78d09449-e59f-4c2f-a488-a361ad90767b','b6b2897c-d855-4298-b368-472112246227'),
	('5ede89cd-3cd9-4758-9bfe-80900989fd9f','47ff772e-b4af-4a23-8865-e3f7f5f5bc6a'),
	('3427f0ae-66f8-420b-a62d-2915e94381b2','fddd1243-6f60-4b72-9ad6-9f3884b91efd'),
	('1177ab00-97ef-4b53-b738-938f5a555d8c','fddd1243-6f60-4b72-9ad6-9f3884b91efd'),
	('97af8a8a-8efc-4b59-a469-0396022dede6','b6b2897c-d855-4298-b368-472112246227'),
	('d1e2bf58-9bee-41ac-bd6b-b3a2a60c9400','47ff772e-b4af-4a23-8865-e3f7f5f5bc6a'),
	('e76487e2-ceb9-44f9-a56c-d2bf8d11caf3','b6b2897c-d855-4298-b368-472112246227'),
	('a246f44f-b03f-4dc7-af71-35d84fa57218','c98e9c2b-dd00-4413-bd61-77a52ddefb32'),
	('7b8fd584-ee60-44bc-8eff-a449bdc5b20f','47ff772e-b4af-4a23-8865-e3f7f5f5bc6a'),
	('f5c79ef3-b133-4029-b820-446ce7bd7850','fddd1243-6f60-4b72-9ad6-9f3884b91efd'),
	('fa2f7de8-5ab9-4030-91f7-d51a0bfd890f','b6b2897c-d855-4298-b368-472112246227'),
	('05aa9c51-88b7-4354-9d0e-4a87c54c04f1','fddd1243-6f60-4b72-9ad6-9f3884b91efd'),
	('08a3c004-8716-4ef2-aa4a-91c02194214d','47ff772e-b4af-4a23-8865-e3f7f5f5bc6a'),
	('fdcd04f5-7bf5-4d80-9e72-a8333b16751e','b6b2897c-d855-4298-b368-472112246227'),
	('a24e5c3f-c54c-43d8-994c-33eae8310684','47ff772e-b4af-4a23-8865-e3f7f5f5bc6a');

INSERT INTO smil_aarhus.event_via_event_tag ("event_id", "tag_id") VALUES
	('c7488d83-a5fb-43fb-b9ca-f2c19a3b0f57','4dd6f6a3-3b46-450a-850c-18a4bb69fe07'),
	('0112cf83-327b-4dc6-b1de-3157b7f6b74e','2cf989bf-6b2a-43c2-994a-fc27ec5bb173'),
	('827dad40-52d0-4aef-a028-6ffebfb94856','2cf989bf-6b2a-43c2-994a-fc27ec5bb173'),
	('ec41b1ac-e93d-4995-b68d-7c6cd6d2d218','2cf989bf-6b2a-43c2-994a-fc27ec5bb173'),
	('f570dd39-3cff-445d-bbcc-ebb5773b26eb','2cf989bf-6b2a-43c2-994a-fc27ec5bb173'),
	('2b176d67-f36e-4f0f-8546-51cf8bc587de','4dd6f6a3-3b46-450a-850c-18a4bb69fe07'),
	('9dab0df3-dc64-4389-b43e-ea0a705224b1','2cf989bf-6b2a-43c2-994a-fc27ec5bb173'),
	('57b478e4-bfb2-4e1d-95e5-c1917842c954','2cf989bf-6b2a-43c2-994a-fc27ec5bb173'),
	('1e6b8d9a-5ac3-4efe-b586-7f8e0688bb5a','2cf989bf-6b2a-43c2-994a-fc27ec5bb173'),
	('72b95c2a-3b7f-4b2a-b5f3-8b56e700460a','2cf989bf-6b2a-43c2-994a-fc27ec5bb173'),
	('fb6bc28e-cd29-4999-a456-8c1eedbb6ab3','2cf989bf-6b2a-43c2-994a-fc27ec5bb173'),
	('ef2f8887-5739-40ac-9d8d-f6c5e8a2c4f8','2cf989bf-6b2a-43c2-994a-fc27ec5bb173'),
	('2594fd19-03bb-4285-ac0d-cce20d9d0bed','4dd6f6a3-3b46-450a-850c-18a4bb69fe07'),
	('3b51c737-a55e-4c65-a9cc-c8b8d2bc776e','2cf989bf-6b2a-43c2-994a-fc27ec5bb173'),
	('efad7c0d-dc9a-4ea2-89da-5f32e7a92948','2cf989bf-6b2a-43c2-994a-fc27ec5bb173'),
	('60925d19-a39f-4770-bb17-082485341d82','2cf989bf-6b2a-43c2-994a-fc27ec5bb173'),
	('1c5d0190-a4c2-4438-85a0-9f5b9d891ffe','4dd6f6a3-3b46-450a-850c-18a4bb69fe07'),
	('9e59f5f2-6e6a-4ce9-adc2-d452f3de6636','2cf989bf-6b2a-43c2-994a-fc27ec5bb173'),
	('14cf80a1-f5a3-47ab-9bdd-e4b74b0ea71c','5f7644f2-5039-4c4c-b1ab-70b0787832ac'),
	('0c4a35b6-a66e-457f-8ac2-c4299210a853','2cf989bf-6b2a-43c2-994a-fc27ec5bb173'),
	('baf22540-b75e-4a3e-8316-7b9b6b2424eb','2cf989bf-6b2a-43c2-994a-fc27ec5bb173'),
	('cc1a80bc-9da5-4c51-a35c-8a86d48d137c','2cf989bf-6b2a-43c2-994a-fc27ec5bb173'),
	('8b010b08-44a3-4208-9fef-5024df22e672','2cf989bf-6b2a-43c2-994a-fc27ec5bb173'),
	('2f744045-78ea-4fba-867d-c126f743f422','4dd6f6a3-3b46-450a-850c-18a4bb69fe07'),
	('fb1d5f98-922f-47ee-bd25-1db324ddcdb4','2cf989bf-6b2a-43c2-994a-fc27ec5bb173'),
	('488064f6-8b69-47df-8f3f-86692cba41c2','2cf989bf-6b2a-43c2-994a-fc27ec5bb173'),
	('5f3c32a7-ef41-40c6-aac4-1ee11fe57a69','2cf989bf-6b2a-43c2-994a-fc27ec5bb173'),
	('24eabf0b-6d23-411e-84f7-e586359d0fbb','2cf989bf-6b2a-43c2-994a-fc27ec5bb173'),
	('37e8af72-a3cb-437d-86e5-eb1e7cf66f43','4dd6f6a3-3b46-450a-850c-18a4bb69fe07'),
	('9065701e-ecb3-425d-bfe3-09a78983c108','2cf989bf-6b2a-43c2-994a-fc27ec5bb173'),
	('c9fb4880-f2c7-473a-ada9-5bcd607b50e3','2cf989bf-6b2a-43c2-994a-fc27ec5bb173'),
	('3d1ce582-98e0-4a06-b869-32237e8f3bfa','2cf989bf-6b2a-43c2-994a-fc27ec5bb173'),
	('31edf207-8e18-4847-a36e-cb88818e01b9','2cf989bf-6b2a-43c2-994a-fc27ec5bb173'),
	('0d656db0-0922-453f-913f-25d9c137927f','2cf989bf-6b2a-43c2-994a-fc27ec5bb173'),
	('bc6c6f3b-b9d9-4731-a494-a76b1bd96d6a','144a3104-6eb2-471f-be96-4b67c79adb76'),
	('13bd6869-e61d-4937-992e-ec29b06528e0','144a3104-6eb2-471f-be96-4b67c79adb76'),
	('13bd6869-e61d-4937-992e-ec29b06528e0','9f4e55e2-9215-4173-958c-7bacd96e4820'),
	('8e948e50-7545-47f6-8cde-02714f34bf78','2cf989bf-6b2a-43c2-994a-fc27ec5bb173'),
	('248c9ed3-4502-46d4-9fbf-d4563710eca3','4dd6f6a3-3b46-450a-850c-18a4bb69fe07'),
	('a66300a0-55f1-4fed-8a04-d4c0927d7d17','2cf989bf-6b2a-43c2-994a-fc27ec5bb173'),
	('34e45762-9c90-40a0-82b9-a4498c845d8c','2cf989bf-6b2a-43c2-994a-fc27ec5bb173'),
	('6e433cf8-7e3e-4614-b4c9-14059ef3fe74','2cf989bf-6b2a-43c2-994a-fc27ec5bb173'),
	('1960e448-3659-4752-b4f2-02bb9ca72264','2cf989bf-6b2a-43c2-994a-fc27ec5bb173'),
	('2e7ab06a-845f-43a6-82d4-40cc7caba897','2cf989bf-6b2a-43c2-994a-fc27ec5bb173'),
	('2dd9e195-cc70-4b75-a0a5-27c7ea4cd44f','4dd6f6a3-3b46-450a-850c-18a4bb69fe07'),
	('c655ab62-c4db-4ac9-ab6b-ddea0a3a0d25','2cf989bf-6b2a-43c2-994a-fc27ec5bb173'),
	('3ee94c1b-a312-48f3-8ca8-95a201841e50','2cf989bf-6b2a-43c2-994a-fc27ec5bb173'),
	('39770741-6f4a-4937-99d4-4e1638ab9fcb','2cf989bf-6b2a-43c2-994a-fc27ec5bb173'),
	('4510981c-13ce-499e-88a6-6e54faa3594d','2cf989bf-6b2a-43c2-994a-fc27ec5bb173'),
	('a8e34c53-258e-4eb2-804a-7d93f7fc30c9','2cf989bf-6b2a-43c2-994a-fc27ec5bb173'),
	('318a95d6-0c38-42f8-bf64-14e4ed3a0c40','4dd6f6a3-3b46-450a-850c-18a4bb69fe07'),
	('78dcb5fb-cb5d-4f07-8437-680e205fd0b2','2cf989bf-6b2a-43c2-994a-fc27ec5bb173'),
	('4832922d-e233-4bbe-a587-664c3c5d4129','2cf989bf-6b2a-43c2-994a-fc27ec5bb173'),
	('d374c1f7-4764-4a15-864d-39e2e3eebe75','2cf989bf-6b2a-43c2-994a-fc27ec5bb173'),
	('9a2913a4-fa90-447b-a890-b7b9a52fc649','2cf989bf-6b2a-43c2-994a-fc27ec5bb173'),
	('e41bf9d1-47c0-4e0b-97a7-95832e626f76','2cf989bf-6b2a-43c2-994a-fc27ec5bb173'),
	('b1512726-1d61-4c80-ae9c-f8419e30f4c9','2cf989bf-6b2a-43c2-994a-fc27ec5bb173'),
	('6bfc0810-a659-461e-a393-783fdd7edc3b','4dd6f6a3-3b46-450a-850c-18a4bb69fe07'),
	('e57d074a-98d8-4e14-8880-8556ca719410','2cf989bf-6b2a-43c2-994a-fc27ec5bb173'),
	('78d09449-e59f-4c2f-a488-a361ad90767b','5f7644f2-5039-4c4c-b1ab-70b0787832ac'),
	('c9d61b09-71e0-485c-bfe1-ede1d09970f1','2cf989bf-6b2a-43c2-994a-fc27ec5bb173'),
	('f2f42044-dcae-4b71-b66b-3e3183cf6f6c','2cf989bf-6b2a-43c2-994a-fc27ec5bb173'),
	('b6819fcc-ef18-4493-898e-11d97ed26490','4dd6f6a3-3b46-450a-850c-18a4bb69fe07'),
	('de028e50-dbb1-4688-a781-3ec52a3fc21c','2cf989bf-6b2a-43c2-994a-fc27ec5bb173'),
	('0b0d0b14-ec7f-4d75-b7c6-ee03c84a563f','2cf989bf-6b2a-43c2-994a-fc27ec5bb173'),
	('1b888482-7260-4b21-9874-7ac1421e6b33','2cf989bf-6b2a-43c2-994a-fc27ec5bb173'),
	('07718998-1500-47c1-9292-3768b6be56bd','2cf989bf-6b2a-43c2-994a-fc27ec5bb173'),
	('b6f26d66-47de-4cc0-846b-6bf26a91342b','2cf989bf-6b2a-43c2-994a-fc27ec5bb173'),
	('f632f2f2-21f4-4597-a61f-c260c68303b2','2cf989bf-6b2a-43c2-994a-fc27ec5bb173'),
	('4b38ae57-7fd8-4f8b-b4f0-1bada5acd73a','4dd6f6a3-3b46-450a-850c-18a4bb69fe07'),
	('6990c61d-3d3c-4b3b-bcdf-402a4a1cf88b','2cf989bf-6b2a-43c2-994a-fc27ec5bb173'),
	('d6e6e5c0-414b-4ba6-93b2-f5dd5f39f1c7','2cf989bf-6b2a-43c2-994a-fc27ec5bb173'),
	('0d9016e6-986a-4039-8145-a4e927f87261','2cf989bf-6b2a-43c2-994a-fc27ec5bb173'),
	('eddc739c-8690-4e28-93a1-45bade123a21','2cf989bf-6b2a-43c2-994a-fc27ec5bb173'),
	('82494524-8168-4a90-b7f9-66fcd4c46308','2cf989bf-6b2a-43c2-994a-fc27ec5bb173'),
	('e5957a84-0725-448e-97a3-63a53b446ed0','4dd6f6a3-3b46-450a-850c-18a4bb69fe07'),
	('d575ebf0-98e1-4ace-8168-f1d341145887','2cf989bf-6b2a-43c2-994a-fc27ec5bb173'),
	('400ea9c9-6d26-498f-9fa0-3e065d6d46b3','2cf989bf-6b2a-43c2-994a-fc27ec5bb173'),
	('0ae8f6e4-2b08-4df7-b7b3-bd1145b2852e','2cf989bf-6b2a-43c2-994a-fc27ec5bb173'),
	('24130566-5e55-4d51-ad05-911ddd6a11be','2cf989bf-6b2a-43c2-994a-fc27ec5bb173'),
	('93adfc6a-b284-4d8f-9b20-efe60e8839a3','2cf989bf-6b2a-43c2-994a-fc27ec5bb173'),
	('7fb07ae7-c4c7-4229-9861-ee3a950ac5a6','2cf989bf-6b2a-43c2-994a-fc27ec5bb173'),
	('641d3ca3-b843-4d60-80f1-31720d0ea170','4dd6f6a3-3b46-450a-850c-18a4bb69fe07'),
	('fb65dcb0-78f9-409f-b306-e03a340703cf','2cf989bf-6b2a-43c2-994a-fc27ec5bb173'),
	('b462a92e-4e83-40fb-8e60-376f8531c8f8','2cf989bf-6b2a-43c2-994a-fc27ec5bb173'),
	('fa2f7de8-5ab9-4030-91f7-d51a0bfd890f','5f7644f2-5039-4c4c-b1ab-70b0787832ac'),
	('400e73fd-29c9-4331-9f1d-8f756ddf54c6','2cf989bf-6b2a-43c2-994a-fc27ec5bb173'),
	('6227b68b-06ad-41e9-9fdb-77bd403a8376','2cf989bf-6b2a-43c2-994a-fc27ec5bb173'),
	('5e6811bc-5f4d-4d50-81d3-83e43f622270','4dd6f6a3-3b46-450a-850c-18a4bb69fe07'),
	('13bec0bb-7006-4d9c-9c25-8c7eeaecd8a7','2cf989bf-6b2a-43c2-994a-fc27ec5bb173'),
	('69682ecf-c06c-46f8-a5cf-6c32fcbac00c','2cf989bf-6b2a-43c2-994a-fc27ec5bb173'),
	('3bf04acc-9f95-4fc4-a80a-528c77351a35','2cf989bf-6b2a-43c2-994a-fc27ec5bb173'),
	('8c859ae5-9d05-4316-8c7f-96b25255a6ad','2cf989bf-6b2a-43c2-994a-fc27ec5bb173'),
	('d78c1713-bd55-4990-932b-fb1230a68e22','2cf989bf-6b2a-43c2-994a-fc27ec5bb173'),
	('24d4a109-e0df-4f20-9eb0-36bc2af9918a','2cf989bf-6b2a-43c2-994a-fc27ec5bb173'),
	('bc3325ca-fefb-4282-8fe3-6fbbefb85769','4dd6f6a3-3b46-450a-850c-18a4bb69fe07'),
	('4b67b8f1-8cf2-4110-94fc-257e0aa91bec','2cf989bf-6b2a-43c2-994a-fc27ec5bb173'),
	('86a7d20a-bddd-47be-86c5-c64996dd9f34','2cf989bf-6b2a-43c2-994a-fc27ec5bb173'),
	('d771ce0a-c6d0-40d0-a323-fa81b5c5ec2e','2cf989bf-6b2a-43c2-994a-fc27ec5bb173'),
	('5c582d1a-f521-4a98-a8d8-cc7a5f2eda03','2cf989bf-6b2a-43c2-994a-fc27ec5bb173'),
	('c826d502-e201-4f1d-93cb-71b54416e884','2cf989bf-6b2a-43c2-994a-fc27ec5bb173');


